"Zona","Año","Mes","Media","Min","Max","n","Dia","Date"
"Z1",1981,1,18.295,12.7,23.9,40,28,1981-01-28
"Z1",1981,2,18.5875,12.4,24,40,28,1981-02-28
"Z1",1981,3,18.8125,12.4,24.1,40,28,1981-03-28
"Z1",1981,4,18.585,11.6,23.2,40,28,1981-04-28
"Z1",1981,5,18.4825,11.7,22.6,40,28,1981-05-28
"Z1",1981,6,18.4775,11.8,22.9,40,28,1981-06-28
"Z1",1981,7,18.5625,11.7,23,40,28,1981-07-28
"Z1",1981,8,18.695,11.5,23.6,40,28,1981-08-28
"Z1",1981,9,18.685,11.4,23.7,40,28,1981-09-28
"Z1",1981,10,18.2625,11.3,23.1,40,28,1981-10-28
"Z1",1981,11,18.31,11,23,40,28,1981-11-28
"Z1",1981,12,18.365,11.3,23.1,40,28,1981-12-28
"Z1",1982,1,18.1425,11,23.5,40,28,1982-01-28
"Z1",1982,2,18.26,11.2,23.3,40,28,1982-02-28
"Z1",1982,3,18.535,11.2,23.4,40,28,1982-03-28
"Z1",1982,4,18.3425,11.4,22.4,40,28,1982-04-28
"Z1",1982,5,18.475,11.6,22.8,40,28,1982-05-28
"Z1",1982,6,19.06,11.8,23.7,40,28,1982-06-28
"Z1",1982,7,18.945,11.3,23.8,40,28,1982-07-28
"Z1",1982,8,19.505,11.4,25.1,40,28,1982-08-28
"Z1",1982,9,18.96,11.5,24.5,40,28,1982-09-28
"Z1",1982,10,18.26,10.9,22.8,40,28,1982-10-28
"Z1",1982,11,18.55,11.3,23.1,40,28,1982-11-28
"Z1",1982,12,18.525,11.3,22.9,40,28,1982-12-28
"Z1",1983,1,19.5,12.5,24.5,40,28,1983-01-28
"Z1",1983,2,19.73,12.9,25.3,40,28,1983-02-28
"Z1",1983,3,19.8475,13,24.9,40,28,1983-03-28
"Z1",1983,4,19.3825,12.3,23.8,40,28,1983-04-28
"Z1",1983,5,19.6825,13,24.6,40,28,1983-05-28
"Z1",1983,6,19.5675,12.4,24.5,40,28,1983-06-28
"Z1",1983,7,19.59,11.9,24.7,40,28,1983-07-28
"Z1",1983,8,19.5925,11.9,25.1,40,28,1983-08-28
"Z1",1983,9,19.2075,11.4,25.2,40,28,1983-09-28
"Z1",1983,10,18.6725,11.1,23.9,40,28,1983-10-28
"Z1",1983,11,18.695,11.6,23.6,40,28,1983-11-28
"Z1",1983,12,18.015,10.7,22.6,40,28,1983-12-28
"Z1",1984,1,17.7675,10.6,22.6,40,28,1984-01-28
"Z1",1984,2,18.1225,11.1,22.8,40,28,1984-02-28
"Z1",1984,3,18.7025,11.1,23.7,40,28,1984-03-28
"Z1",1984,4,18.605,11.1,23.6,40,28,1984-04-28
"Z1",1984,5,18.4475,11.2,23.8,40,28,1984-05-28
"Z1",1984,6,18.4525,11.7,22.9,40,28,1984-06-28
"Z1",1984,7,18.215,11.3,22.7,40,28,1984-07-28
"Z1",1984,8,18.625,11.8,23.5,40,28,1984-08-28
"Z1",1984,9,18.01,11.3,22.8,40,28,1984-09-28
"Z1",1984,10,18.05,10.9,23.7,40,28,1984-10-28
"Z1",1984,11,17.795,10.8,23.2,40,28,1984-11-28
"Z1",1984,12,18.3275,11.6,23.9,40,28,1984-12-28
"Z1",1985,1,17.8875,10.6,23.7,40,28,1985-01-28
"Z1",1985,2,18.58,11.2,24.3,40,28,1985-02-28
"Z1",1985,3,18.775,11.8,24.4,40,28,1985-03-28
"Z1",1985,4,18.685,11.2,23.8,40,28,1985-04-28
"Z1",1985,5,18.7525,11.6,24.1,40,28,1985-05-28
"Z1",1985,6,19.0225,11.6,23.8,40,28,1985-06-28
"Z1",1985,7,18.7175,10.9,23.6,40,28,1985-07-28
"Z1",1985,8,18.59,11.2,23.4,40,28,1985-08-28
"Z1",1985,9,18.625,10.5,23.7,40,28,1985-09-28
"Z1",1985,10,18.3575,10.7,23.4,40,28,1985-10-28
"Z1",1985,11,18.105,10.8,23,40,28,1985-11-28
"Z1",1985,12,18.2775,10.9,23.4,40,28,1985-12-28
"Z1",1986,1,18.505,11.2,23.7,40,28,1986-01-28
"Z1",1986,2,18.0675,10.3,23.5,40,28,1986-02-28
"Z1",1986,3,18.4625,11,23.4,40,28,1986-03-28
"Z1",1986,4,18.8325,12.1,23.3,40,28,1986-04-28
"Z1",1986,5,19.02,12.3,23.5,40,28,1986-05-28
"Z1",1986,6,18.825,11.7,23.1,40,28,1986-06-28
"Z1",1986,7,19.2125,11.3,23.6,40,28,1986-07-28
"Z1",1986,8,19.4025,11.7,24.5,40,28,1986-08-28
"Z1",1986,9,19.14,11.7,24,40,28,1986-09-28
"Z1",1986,10,18.2525,10.8,22.7,40,28,1986-10-28
"Z1",1986,11,18.55,11,23.3,40,28,1986-11-28
"Z1",1986,12,18.8575,11.8,23.7,40,28,1986-12-28
"Z1",1987,1,19.0825,12,24.2,40,28,1987-01-28
"Z1",1987,2,19.7425,12.6,25.6,40,28,1987-02-28
"Z1",1987,3,19.525,12.2,25.2,40,28,1987-03-28
"Z1",1987,4,19.545,12.5,24.3,40,28,1987-04-28
"Z1",1987,5,19.36,12.5,23.6,40,28,1987-05-28
"Z1",1987,6,19.7375,12.7,24,40,28,1987-06-28
"Z1",1987,7,19.535,12.3,24.2,40,28,1987-07-28
"Z1",1987,8,19.49,12.1,24.1,40,28,1987-08-28
"Z1",1987,9,19.22,12.2,24.3,40,28,1987-09-28
"Z1",1987,10,18.6725,11.6,23.5,40,28,1987-10-28
"Z1",1987,11,18.99,11.9,24.9,40,28,1987-11-28
"Z1",1987,12,19.16,12.3,25.4,40,28,1987-12-28
"Z1",1988,1,19.1475,12.2,25.9,40,28,1988-01-28
"Z1",1988,2,19.085,12.3,24.9,40,28,1988-02-28
"Z1",1988,3,19.485,12.5,25.2,40,28,1988-03-28
"Z1",1988,4,18.925,12,24.6,40,28,1988-04-28
"Z1",1988,5,19.1325,12.5,23.7,40,28,1988-05-28
"Z1",1988,6,18.5725,11.8,23.4,40,28,1988-06-28
"Z1",1988,7,18.71,11.6,22.6,40,28,1988-07-28
"Z1",1988,8,18.4975,11.3,22.9,40,28,1988-08-28
"Z1",1988,9,18.455,11.4,22.9,40,28,1988-09-28
"Z1",1988,10,18.495,11.2,23.1,40,28,1988-10-28
"Z1",1988,11,18.27,11.1,23.4,40,28,1988-11-28
"Z1",1988,12,17.85,10.5,23.2,40,28,1988-12-28
"Z1",1989,1,18.2,11,23.4,40,28,1989-01-28
"Z1",1989,2,18.1125,11.3,22.9,40,28,1989-02-28
"Z1",1989,3,18.0425,10.7,22.8,40,28,1989-03-28
"Z1",1989,4,18.865,12,23.8,40,28,1989-04-28
"Z1",1989,5,18.75,11.6,23.3,40,28,1989-05-28
"Z1",1989,6,18.71,11.4,23.4,40,28,1989-06-28
"Z1",1989,7,18.835,11.2,23.1,40,28,1989-07-28
"Z1",1989,8,18.9725,11.7,23.9,40,28,1989-08-28
"Z1",1989,9,18.6925,11.3,23.3,40,28,1989-09-28
"Z1",1989,10,18.475,11.1,23.3,40,28,1989-10-28
"Z1",1989,11,18.76,11.4,23.9,40,28,1989-11-28
"Z1",1989,12,18.515,11,23.6,40,28,1989-12-28
"Z1",1990,1,18.7475,12.1,23.8,40,28,1990-01-28
"Z1",1990,2,18.485,10.9,23.5,40,28,1990-02-28
"Z1",1990,3,19.0125,11.8,23.7,40,28,1990-03-28
"Z1",1990,4,18.975,11.6,23.2,40,28,1990-04-28
"Z1",1990,5,19.21,12,23.4,40,28,1990-05-28
"Z1",1990,6,19.5675,12.4,24.1,40,28,1990-06-28
"Z1",1990,7,19.0275,11.7,23.5,40,28,1990-07-28
"Z1",1990,8,19.535,11.7,24.5,40,28,1990-08-28
"Z1",1990,9,19.4125,11.7,24.6,40,28,1990-09-28
"Z1",1990,10,18.515,10.7,23.1,40,28,1990-10-28
"Z1",1990,11,18.8225,11.3,23.5,40,28,1990-11-28
"Z1",1990,12,18.5225,11.3,23.2,40,28,1990-12-28
"Z1",1991,1,18.9475,11.6,24.4,40,28,1991-01-28
"Z1",1991,2,19.295,11.7,24.8,40,28,1991-02-28
"Z1",1991,3,18.9475,11.2,23.7,40,28,1991-03-28
"Z1",1991,4,19.0125,11.8,23.4,40,28,1991-04-28
"Z1",1991,5,19.1975,11.7,23.4,40,28,1991-05-28
"Z1",1991,6,19.455,12.2,23.5,40,28,1991-06-28
"Z1",1991,7,19.24,11.6,23.5,40,28,1991-07-28
"Z1",1991,8,19.105,11,23.6,40,28,1991-08-28
"Z1",1991,9,19.2175,11.4,24.6,40,28,1991-09-28
"Z1",1991,10,18.725,11,24,40,28,1991-10-28
"Z1",1991,11,18.3375,10.8,23.1,40,28,1991-11-28
"Z1",1991,12,18.4625,10.9,23.5,40,28,1991-12-28
"Z1",1992,1,18.9075,11.4,24.4,40,28,1992-01-28
"Z1",1992,2,19.0575,11.7,24.5,40,28,1992-02-28
"Z1",1992,3,19.7825,12.2,25.5,40,28,1992-03-28
"Z1",1992,4,19.6175,12.1,24.7,40,28,1992-04-28
"Z1",1992,5,19.35,11.9,24.3,40,28,1992-05-28
"Z1",1992,6,19.595,11.9,24.7,40,28,1992-06-28
"Z1",1992,7,18.9375,11,23.6,40,28,1992-07-28
"Z1",1992,8,19.3175,12,24.9,40,28,1992-08-28
"Z1",1992,9,18.9475,11.9,24.7,40,28,1992-09-28
"Z1",1992,10,18.9075,11.6,24.1,40,28,1992-10-28
"Z1",1992,11,18.3825,11.1,23.4,40,28,1992-11-28
"Z1",1992,12,18.605,11.4,23.7,40,28,1992-12-28
"Z1",1993,1,18.425,11.3,23.7,40,28,1993-01-28
"Z1",1993,2,18.6275,11.4,23.9,40,28,1993-02-28
"Z1",1993,3,18.675,11.1,23.6,40,28,1993-03-28
"Z1",1993,4,18.8825,11.4,23.6,40,28,1993-04-28
"Z1",1993,5,18.83,11.4,23.4,40,28,1993-05-28
"Z1",1993,6,19.4425,11.9,24.3,40,28,1993-06-28
"Z1",1993,7,19.205,11.6,23.9,40,28,1993-07-28
"Z1",1993,8,19.3975,12,24.9,40,28,1993-08-28
"Z1",1993,9,18.7275,12.1,24.2,40,28,1993-09-28
"Z1",1993,10,18.81,12.1,23.9,40,28,1993-10-28
"Z1",1993,11,18.22,11.3,23.1,40,28,1993-11-28
"Z1",1993,12,18.6175,11.9,23.8,40,28,1993-12-28
"Z1",1994,1,18.4025,11.5,24,40,28,1994-01-28
"Z1",1994,2,18.57,11.4,23.7,40,28,1994-02-28
"Z1",1994,3,18.545,11.5,23.4,40,28,1994-03-28
"Z1",1994,4,18.695,11,23.3,40,28,1994-04-28
"Z1",1994,5,18.84,11.4,23.5,40,28,1994-05-28
"Z1",1994,6,19.0675,11.3,24,40,28,1994-06-28
"Z1",1994,7,19.1725,11.4,24,40,28,1994-07-28
"Z1",1994,8,19.19,11.6,24.8,40,28,1994-08-28
"Z1",1994,9,19.465,11.7,25.1,40,28,1994-09-28
"Z1",1994,10,18.575,11.3,23.6,40,28,1994-10-28
"Z1",1994,11,18.46,11.1,23.7,40,28,1994-11-28
"Z1",1994,12,18.81,11.4,24.2,40,28,1994-12-28
"Z1",1995,1,19.14,11.7,24.6,40,28,1995-01-28
"Z1",1995,2,19.3475,11.7,25.5,40,28,1995-02-28
"Z1",1995,3,18.9975,11.5,24.4,40,28,1995-03-28
"Z1",1995,4,19.145,11.6,24.1,40,28,1995-04-28
"Z1",1995,5,19.05,11.8,23.9,40,28,1995-05-28
"Z1",1995,6,18.9625,11.9,23.7,40,28,1995-06-28
"Z1",1995,7,18.7925,11.4,24.2,40,28,1995-07-28
"Z1",1995,8,18.765,11.7,24.3,40,28,1995-08-28
"Z1",1995,9,19.26,11.7,24.2,40,28,1995-09-28
"Z1",1995,10,18.4575,11.1,23.5,40,28,1995-10-28
"Z1",1995,11,18.5425,11.3,24,40,28,1995-11-28
"Z1",1995,12,18.36,11.4,23.8,40,28,1995-12-28
"Z1",1996,1,18.2825,11.3,23.7,40,28,1996-01-28
"Z1",1996,2,18.4625,11.4,24.2,40,28,1996-02-28
"Z1",1996,3,18.53,11.6,23.7,40,28,1996-03-28
"Z1",1996,4,18.7875,12,23.9,40,28,1996-04-28
"Z1",1996,5,18.745,11.8,23.6,40,28,1996-05-28
"Z1",1996,6,18.8325,11.8,23.7,40,28,1996-06-28
"Z1",1996,7,18.8225,11.4,23.5,40,28,1996-07-28
"Z1",1996,8,18.9725,11.8,23.7,40,28,1996-08-28
"Z1",1996,9,19.1425,12,24,40,28,1996-09-28
"Z1",1996,10,18.485,11.2,23.8,40,28,1996-10-28
"Z1",1996,11,18.465,11.2,23.9,40,28,1996-11-28
"Z1",1996,12,18.46,11.8,23.9,40,28,1996-12-28
"Z1",1997,1,18.1425,11.1,23.9,40,28,1997-01-28
"Z1",1997,2,18.9275,12.1,23.9,40,28,1997-02-28
"Z1",1997,3,19.0875,12.2,24.2,40,28,1997-03-28
"Z1",1997,4,19.0475,12.6,24.1,40,28,1997-04-28
"Z1",1997,5,19.49,13,24,40,28,1997-05-28
"Z1",1997,6,19.0975,12.2,23.9,40,28,1997-06-28
"Z1",1997,7,19.8375,11.6,24.6,40,28,1997-07-28
"Z1",1997,8,20.3125,12,25.5,40,28,1997-08-28
"Z1",1997,9,19.76,12.2,25.3,40,28,1997-09-28
"Z1",1997,10,19.6275,12.2,25,40,28,1997-10-28
"Z1",1997,11,19.0975,11.9,24,40,28,1997-11-28
"Z1",1997,12,19.76,13,24.7,40,28,1997-12-28
"Z1",1998,1,20.2925,13.2,26,40,28,1998-01-28
"Z1",1998,2,20.1625,12.8,25.6,40,28,1998-02-28
"Z1",1998,3,20.115,12.8,25.7,40,28,1998-03-28
"Z1",1998,4,19.9675,13,24.7,40,28,1998-04-28
"Z1",1998,5,19.7925,12.8,24.1,40,28,1998-05-28
"Z1",1998,6,19.5825,12.1,24,40,28,1998-06-28
"Z1",1998,7,19.1875,11.8,23.8,40,28,1998-07-28
"Z1",1998,8,19.2375,11.5,24.5,40,28,1998-08-28
"Z1",1998,9,19.135,11.4,24.4,40,28,1998-09-28
"Z1",1998,10,19.065,11.1,24,40,28,1998-10-28
"Z1",1998,11,18.575,10.4,23.9,40,28,1998-11-28
"Z1",1998,12,18.435,11,23.7,40,28,1998-12-28
"Z1",1999,1,18.22,10.8,23.6,40,28,1999-01-28
"Z1",1999,2,18.06,10.5,22.8,40,28,1999-02-28
"Z1",1999,3,18.5425,11.4,23.9,40,28,1999-03-28
"Z1",1999,4,18.7575,11.7,23.6,40,28,1999-04-28
"Z1",1999,5,18.575,11.9,23.3,40,28,1999-05-28
"Z1",1999,6,18.5325,11.7,23.3,40,28,1999-06-28
"Z1",1999,7,18.9075,11.8,23.5,40,28,1999-07-28
"Z1",1999,8,18.775,11.4,23.5,40,28,1999-08-28
"Z1",1999,9,18.2075,11.1,23.2,40,28,1999-09-28
"Z1",1999,10,18.2975,11.2,23.4,40,28,1999-10-28
"Z1",1999,11,18.26,11,23.4,40,28,1999-11-28
"Z1",1999,12,18.1425,10.7,23.7,40,28,1999-12-28
"Z1",2000,1,17.92,10.7,23.4,40,28,2000-01-28
"Z1",2000,2,18.035,10.8,23.7,40,28,2000-02-28
"Z1",2000,3,18.27,11.1,23.8,40,28,2000-03-28
"Z1",2000,4,18.6425,11.9,24,40,28,2000-04-28
"Z1",2000,5,18.59,11.5,23.7,40,28,2000-05-28
"Z1",2000,6,18.87,12.1,23.8,40,28,2000-06-28
"Z1",2000,7,18.845,11.9,23.7,40,28,2000-07-28
"Z1",2000,8,19.18,12.2,24,40,28,2000-08-28
"Z1",2000,9,18.4125,11.6,23.4,40,28,2000-09-28
"Z1",2000,10,18.835,11.9,23.8,40,28,2000-10-28
"Z1",2000,11,18.53,11.1,24,40,28,2000-11-28
"Z1",2000,12,18.5525,11.4,23.9,40,28,2000-12-28
"Z1",2001,1,18.4,11.6,24.1,40,28,2001-01-28
"Z1",2001,2,18.9975,11.4,24.4,40,28,2001-02-28
"Z1",2001,3,18.7575,11.8,24,40,28,2001-03-28
"Z1",2001,4,19.3475,12.2,24.1,40,28,2001-04-28
"Z1",2001,5,19.1525,12.4,24.1,40,28,2001-05-28
"Z1",2001,6,19.2125,12.3,24.2,40,28,2001-06-28
"Z1",2001,7,19.255,11.9,24.8,40,28,2001-07-28
"Z1",2001,8,19.9025,12,25.6,40,28,2001-08-28
"Z1",2001,9,18.965,11.7,24.5,40,28,2001-09-28
"Z1",2001,10,19.2375,12.1,25.1,40,28,2001-10-28
"Z1",2001,11,18.7425,11.8,23.9,40,28,2001-11-28
"Z1",2001,12,18.7775,12,24.1,40,28,2001-12-28
"Z1",2002,1,19.0025,12.4,24.6,40,28,2002-01-28
"Z1",2002,2,19.1625,12.9,25.3,40,28,2002-02-28
"Z1",2002,3,19.155,12.2,24.7,40,28,2002-03-28
"Z1",2002,4,18.7625,12,23.8,40,28,2002-04-28
"Z1",2002,5,19.365,12.6,24.1,40,28,2002-05-28
"Z1",2002,6,19.0025,12.3,24.1,40,28,2002-06-28
"Z1",2002,7,19.425,12.4,24.4,40,28,2002-07-28
"Z1",2002,8,19.6125,11.9,24.9,40,28,2002-08-28
"Z1",2002,9,19.4325,12.1,25.2,40,28,2002-09-28
"Z1",2002,10,19.0625,11.8,25,40,28,2002-10-28
"Z1",2002,11,18.8925,11.8,24.1,40,28,2002-11-28
"Z1",2002,12,19.1225,12,24.6,40,28,2002-12-28
"Z1",2003,1,19.4925,12.4,25.7,40,28,2003-01-28
"Z1",2003,2,19.4875,12.1,25.7,40,28,2003-02-28
"Z1",2003,3,19.265,11.8,24.8,40,28,2003-03-28
"Z1",2003,4,19.17,12.1,24.2,40,28,2003-04-28
"Z1",2003,5,19.5325,12.7,24.6,40,28,2003-05-28
"Z1",2003,6,18.8875,11.6,24.1,40,28,2003-06-28
"Z1",2003,7,19.2275,11.8,24.4,40,28,2003-07-28
"Z1",2003,8,19.5225,12,25.4,40,28,2003-08-28
"Z1",2003,9,19.2275,11.7,24.9,40,28,2003-09-28
"Z1",2003,10,18.7775,11.3,24.1,40,28,2003-10-28
"Z1",2003,11,18.7675,11.5,24,40,28,2003-11-28
"Z1",2003,12,18.78,11.6,24.5,40,28,2003-12-28
"Z1",2004,1,18.7175,10.9,25.1,40,28,2004-01-28
"Z1",2004,2,19.235,11.7,25.8,40,28,2004-02-28
"Z1",2004,3,19.69,12.2,26,40,28,2004-03-28
"Z1",2004,4,19.05,11.6,24.4,40,28,2004-04-28
"Z1",2004,5,19.23,12.3,24.3,40,28,2004-05-28
"Z1",2004,6,19.5175,12.2,24.9,40,28,2004-06-28
"Z1",2004,7,18.9675,11.6,24.4,40,28,2004-07-28
"Z1",2004,8,19.7475,11.8,25.7,40,28,2004-08-28
"Z1",2004,9,18.9925,11.3,24.8,40,28,2004-09-28
"Z1",2004,10,18.785,11.1,24.3,40,28,2004-10-28
"Z1",2004,11,18.7375,11.2,24.2,40,28,2004-11-28
"Z1",2004,12,18.645,11.4,24.3,40,28,2004-12-28
"Z1",2005,1,18.83,11.5,24.2,40,28,2005-01-28
"Z1",2005,2,19.205,12.1,24.6,40,28,2005-02-28
"Z1",2005,3,19.325,11.8,25.1,40,28,2005-03-28
"Z1",2005,4,19.62,12.3,24.6,40,28,2005-04-28
"Z1",2005,5,19.4125,12.4,24.3,40,28,2005-05-28
"Z1",2005,6,19.4775,12.5,24.5,40,28,2005-06-28
"Z1",2005,7,19.67,11.8,25.4,40,28,2005-07-28
"Z1",2005,8,19.5775,11.6,25.4,40,28,2005-08-28
"Z1",2005,9,19.685,11.6,26,40,28,2005-09-28
"Z1",2005,10,18.845,11.2,24.4,40,28,2005-10-28
"Z1",2005,11,18.6975,11.4,24,40,28,2005-11-28
"Z1",2005,12,18.4175,10.7,24.1,40,28,2005-12-28
"Z1",2006,1,18.66,11.2,24.2,40,28,2006-01-28
"Z1",2006,2,19.195,12.4,24.6,40,28,2006-02-28
"Z1",2006,3,18.95,12.3,24.3,40,28,2006-03-28
"Z1",2006,4,18.9025,12.3,24.5,40,28,2006-04-28
"Z1",2006,5,19.2525,12.7,24.6,40,28,2006-05-28
"Z1",2006,6,19.1675,12.2,24.5,40,28,2006-06-28
"Z1",2006,7,19.615,12.4,24.7,40,28,2006-07-28
"Z1",2006,8,19.75,12.5,24.9,40,28,2006-08-28
"Z1",2006,9,19.465,12.4,25,40,28,2006-09-28
"Z1",2006,10,19.215,12.1,24.4,40,28,2006-10-28
"Z1",2006,11,18.69,11.4,23.9,40,28,2006-11-28
"Z1",2006,12,18.8775,12.2,24.1,40,28,2006-12-28
"Z1",2007,1,19.5775,13.2,24.6,40,28,2007-01-28
"Z1",2007,2,19.4575,12,25.5,40,28,2007-02-28
"Z1",2007,3,19.1475,12.5,24.1,40,28,2007-03-28
"Z1",2007,4,19.0625,12.2,24,40,28,2007-04-28
"Z1",2007,5,19.0425,12.4,23.9,40,28,2007-05-28
"Z1",2007,6,19.135,12,23.9,40,28,2007-06-28
"Z1",2007,7,19.285,11.7,24.6,40,28,2007-07-28
"Z1",2007,8,18.795,11.4,24,40,28,2007-08-28
"Z1",2007,9,19.255,12,25,40,28,2007-09-28
"Z1",2007,10,18.435,10.7,23.8,40,28,2007-10-28
"Z1",2007,11,18.6225,11.4,23.9,40,28,2007-11-28
"Z1",2007,12,18.055,10.7,23.7,40,28,2007-12-28
"Z1",2008,1,18.28,11.2,23.8,40,28,2008-01-28
"Z1",2008,2,18.29,11.1,23.9,40,28,2008-02-28
"Z1",2008,3,18.3575,11.1,23.5,40,28,2008-03-28
"Z1",2008,4,18.685,11.5,23.5,40,28,2008-04-28
"Z1",2008,5,18.6775,11.8,23.9,40,28,2008-05-28
"Z1",2008,6,18.8775,12.2,24,40,28,2008-06-28
"Z1",2008,7,18.735,11.8,24,40,28,2008-07-28
"Z1",2008,8,18.6825,11.7,24,40,28,2008-08-28
"Z1",2008,9,18.99,12,24.3,40,28,2008-09-28
"Z1",2008,10,18.58,11.6,23.6,40,28,2008-10-28
"Z1",2008,11,18.38,11.6,23.6,40,28,2008-11-28
"Z1",2008,12,18.31,11.5,23.8,40,28,2008-12-28
"Z1",2009,1,18.5,11.9,24,40,28,2009-01-28
"Z1",2009,2,18.685,11.9,23.8,40,28,2009-02-28
"Z1",2009,3,18.68,12.1,23.7,40,28,2009-03-28
"Z1",2009,4,19.1025,12.4,24,40,28,2009-04-28
"Z1",2009,5,19.3125,12.8,24.4,40,28,2009-05-28
"Z1",2009,6,19.2775,12.7,24.7,40,28,2009-06-28
"Z1",2009,7,19.6675,12.9,25.2,40,28,2009-07-28
"Z1",2009,8,19.735,12.9,26.1,40,28,2009-08-28
"Z1",2009,9,20.1825,13.2,26.2,40,28,2009-09-28
"Z1",2009,10,19.4675,12.5,25.4,40,28,2009-10-28
"Z1",2009,11,19.2025,12.6,24,40,28,2009-11-28
"Z1",2009,12,19.2975,12.8,25,40,28,2009-12-28
"Z1",2010,1,19.8175,13.6,25.6,40,28,2010-01-28
"Z1",2010,2,20.2425,14.1,25.7,40,28,2010-02-28
"Z1",2010,3,20.21,13.9,25.5,40,28,2010-03-28
"Z1",2010,4,19.5925,13,24.2,40,28,2010-04-28
"Z1",2010,5,19.78,13.5,24.5,40,28,2010-05-28
"Z1",2010,6,19.1625,12.7,23.8,40,28,2010-06-28
"Z1",2010,7,18.7475,12.2,23.4,40,28,2010-07-28
"Z1",2010,8,19.105,12.5,23.8,40,28,2010-08-28
"Z1",2010,9,18.76,11.9,23.7,40,28,2010-09-28
"Z1",2010,10,18.6775,11.8,23.9,40,28,2010-10-28
"Z1",2010,11,18.02,11.2,23.6,40,28,2010-11-28
"Z1",2010,12,18.0725,12,23.5,40,28,2010-12-28
"Z1",2011,1,18.6125,12.5,24.4,40,28,2011-01-28
"Z1",2011,2,18.4525,11.8,23.7,40,28,2011-02-28
"Z1",2011,3,18.3225,11.9,23.4,40,28,2011-03-28
"Z1",2011,4,18.4675,11.7,23.8,40,28,2011-04-28
"Z1",2011,5,19.1,12.9,23.8,40,28,2011-05-28
"Z1",2011,6,19.225,12.4,24.3,40,28,2011-06-28
"Z1",2011,7,19.0725,12.2,24,40,28,2011-07-28
"Z1",2011,8,19.43,12.6,25,40,28,2011-08-28
"Z1",2011,9,19.27,12.6,24.9,40,28,2011-09-28
"Z1",2011,10,18.1179487179487,11.6,23.3,40,28,2011-10-28
"Z1",2011,11,18.3575,11.5,23.7,40,28,2011-11-28
"Z1",2011,12,18.4975,12.1,24.1,40,28,2011-12-28
"Z1",2012,1,18.4275,11.7,24.1,40,28,2012-01-28
"Z1",2012,2,18.7487179487179,13,24.2,40,28,2012-02-28
"Z1",2012,3,18.985,12.7,24,40,28,2012-03-28
"Z1",2012,4,18.7361111111111,12.2,24,40,28,2012-04-28
"Z1",2012,5,19.4184210526316,13.1,24.9,40,28,2012-05-28
"Z1",2012,6,19.6631578947368,12.9,24.7,40,28,2012-06-28
"Z1",2012,7,19.6846153846154,12.6,24.7,40,28,2012-07-28
"Z1",2012,8,19.5175,12.3,24.2,40,28,2012-08-28
"Z1",2012,9,19.8435897435897,13.1,25.1,40,28,2012-09-28
"Z1",2012,10,19.08,12.4,25.4,40,28,2012-10-28
"Z1",2012,11,19.1358974358974,12.7,24.6,40,28,2012-11-28
"Z1",2012,12,18.8475,12.1,24.5,40,28,2012-12-28
"Z1",2013,1,19.6825,13.2,25.1,40,28,2013-01-28
"Z1",2013,2,18.9075,11.9,24.1,40,28,2013-02-28
"Z1",2013,3,19.5825,13,24.7,40,28,2013-03-28
"Z1",2013,4,19.645,13,25.3,40,28,2013-04-28
"Z1",2013,5,18.985,12.6,23.8,40,28,2013-05-28
"Z1",2013,6,19.6025641025641,13.3,25.3,40,28,2013-06-28
"Z1",2013,7,19.4,12.3,24.8,40,28,2013-07-28
"Z1",2013,8,19.3575,12.4,25.2,40,28,2013-08-28
"Z1",2013,9,19.5325,12.8,25.1,40,28,2013-09-28
"Z1",2013,10,19.125,12.4,24.4,40,28,2013-10-28
"Z1",2013,11,18.5525,11.6,23.5,40,28,2013-11-28
"Z1",2013,12,18.8075,12.2,23.7,40,28,2013-12-28
"Z1",2014,1,19.0102564102564,11.9,24,40,28,2014-01-28
"Z1",2014,2,19.0820512820513,12.2,24.2,40,28,2014-02-28
"Z1",2014,3,19.1897435897436,12.4,24.6,40,28,2014-03-28
"Z1",2014,4,19.8315789473684,13.2,25.2,40,28,2014-04-28
"Z1",2014,5,19.2615384615385,12.8,24.5,40,28,2014-05-28
"Z1",2014,6,19.7282051282051,12.9,24.4,40,28,2014-06-28
"Z1",2014,7,20.3461538461538,12.6,25.4,40,28,2014-07-28
"Z1",2014,8,19.59,12.3,25.3,40,28,2014-08-28
"Z1",2014,9,19.6225,12.5,25.9,40,28,2014-09-28
"Z1",2014,10,18.96,12,23.7,40,28,2014-10-28
"Z1",2014,11,18.8358974358974,12,23.8,40,28,2014-11-28
"Z1",2014,12,18.951282051282,12.2,24.1,40,28,2014-12-28
"Z1",2015,1,19.2179487179487,12.5,24.3,40,28,2015-01-28
"Z1",2015,2,19.2923076923077,12.6,25,40,28,2015-02-28
"Z1",2015,3,19.2736842105263,12.3,24.7,40,28,2015-03-28
"Z1",2015,4,19.5435897435897,13,24.8,40,28,2015-04-28
"Z1",2015,5,20.0153846153846,13.2,25.2,40,28,2015-05-28
"Z1",2015,6,20.0769230769231,12.7,25,40,28,2015-06-28
"Z1",2015,7,20.105,12.8,25.4,40,28,2015-07-28
"Z1",2015,8,20.3925,13,26.1,40,28,2015-08-28
"Z1",2015,9,20.6925,13.3,26.7,40,28,2015-09-28
"Z1",2015,10,19.81,13.1,25,40,28,2015-10-28
"Z1",2015,11,19.345,12.6,24.1,40,28,2015-11-28
"Z1",2015,12,20.3692307692308,14.1,25.7,40,28,2015-12-28
"Z1",2016,1,20.1078947368421,13.4,26.6,40,28,2016-01-28
"Z1",2016,2,20.6243243243243,14.1,26.5,40,28,2016-02-28
"Z1",2016,3,20.5179487179487,13.7,25.8,40,28,2016-03-28
"Z1",2016,4,19.9410256410256,13.1,24.5,40,28,2016-04-28
"Z1",2016,5,20.0025641025641,13.3,24.8,40,28,2016-05-28
"Z1",2016,6,19.6605263157895,12.9,24.3,40,28,2016-06-28
"Z1",2016,7,19.6026315789474,12.7,24.8,40,28,2016-07-28
"Z1",2016,8,20.2078947368421,13.1,25.5,40,28,2016-08-28
"Z1",2016,9,19.7236842105263,13,24.6,40,28,2016-09-28
"Z1",2016,10,19.1131578947368,12.3,24,40,28,2016-10-28
"Z1",2016,11,18.9435897435897,12.4,23.8,40,28,2016-11-28
"Z1",2016,12,18.6783783783784,12.2,23.7,40,28,2016-12-28
"Z1",2017,1,18.472972972973,11.6,23.8,40,28,2017-01-28
"Z1",2017,2,19.1222222222222,11.7,24.9,40,28,2017-02-28
"Z1",2017,3,18.5243243243243,11.6,24.3,40,28,2017-03-28
"Z1",2017,4,19.375,13,24.4,40,28,2017-04-28
"Z1",2017,5,19.1945945945946,12.7,24.5,40,28,2017-05-28
"Z1",2017,6,19.2162162162162,12.6,24.5,40,28,2017-06-28
"Z1",2017,7,19.4513513513514,12.3,24.6,40,28,2017-07-28
"Z1",2017,8,19.5394736842105,12.6,25,40,28,2017-08-28
"Z1",2017,9,19.5421052631579,12.8,25,40,28,2017-09-28
"Z1",2017,10,18.9027027027027,12.2,24.7,40,28,2017-10-28
"Z1",2017,11,18.5810810810811,12.4,24.6,40,28,2017-11-28
"Z1",2017,12,18.7055555555556,12.3,24.9,40,28,2017-12-28
"Z1",2018,1,18.5783783783784,12,24.7,40,28,2018-01-28
"Z1",2018,2,18.7684210526316,11.9,25.2,40,28,2018-02-28
"Z1",2018,3,19.2210526315789,12.9,24.9,40,28,2018-03-28
"Z1",2018,4,18.6657894736842,12.2,24.1,40,28,2018-04-28
"Z1",2018,5,18.7736842105263,12.6,24,40,28,2018-05-28
"Z1",2018,6,19.1894736842105,12.9,24.2,40,28,2018-06-28
"Z1",2018,7,19.5,12.7,24.9,40,28,2018-07-28
"Z1",2018,8,19.6921052631579,12.4,25.4,40,28,2018-08-28
"Z1",2018,9,19.5775,12.7,25.7,40,28,2018-09-28
"Z1",2018,10,19.0282051282051,12.2,24.4,40,28,2018-10-28
"Z1",2018,11,19.0282051282051,12.4,24.5,40,28,2018-11-28
"Z1",2018,12,19.3,13.1,24.8,40,28,2018-12-28
"Z1",2019,1,19.4973684210526,12.8,25.2,40,28,2019-01-28
"Z1",2019,2,19.6179487179487,13.4,25.7,40,28,2019-02-28
"Z1",2019,3,19.574358974359,13.4,25,40,28,2019-03-28
"Z1",2019,4,19.4205128205128,13.2,24.7,40,28,2019-04-28
"Z1",2019,5,19.374358974359,13.2,24.4,40,28,2019-05-28
"Z1",2019,6,19.8210526315789,13,24.5,40,28,2019-06-28
"Z1",2019,7,19.3763157894737,5.1,25.1,40,28,2019-07-28
"Z1",2019,8,20.1,12.8,24.8,40,28,2019-08-28
"Z1",2019,9,19.8135135135135,13,24.4,40,28,2019-09-28
"Z1",2019,10,18.8297297297297,12.4,24,40,28,2019-10-28
"Z1",2019,11,19.1131578947368,12.4,24.5,40,28,2019-11-28
"Z1",2019,12,19.3076923076923,12.8,25,40,28,2019-12-28
"Z1",2020,1,19.5684210526316,13.2,25.4,40,28,2020-01-28
"Z1",2020,2,19.7911764705882,13.6,25.1,40,28,2020-02-28
"Z1",2020,3,19.4470588235294,13,25.9,40,28,2020-03-28
"Z1",2020,4,19.7911764705882,13.6,25.1,40,28,2020-04-28
"Z1",2020,5,19.88125,13.8,25.5,40,28,2020-05-28
"Z1",2020,6,19.4205882352941,13,24.1,40,28,2020-06-28
"Z2",1981,1,17.13,12.7,22.5,20,28,1981-01-28
"Z2",1981,2,17.515,12.4,23.4,20,28,1981-02-28
"Z2",1981,3,17.63,12.4,23.5,20,28,1981-03-28
"Z2",1981,4,17.47,11.6,22.2,20,28,1981-04-28
"Z2",1981,5,17.355,11.7,22.1,20,28,1981-05-28
"Z2",1981,6,17.31,11.8,21.8,20,28,1981-06-28
"Z2",1981,7,17.415,11.7,22,20,28,1981-07-28
"Z2",1981,8,17.545,11.5,22.3,20,28,1981-08-28
"Z2",1981,9,17.505,11.4,21.8,20,28,1981-09-28
"Z2",1981,10,17.005,11.3,21.4,20,28,1981-10-28
"Z2",1981,11,17.065,11,21.8,20,28,1981-11-28
"Z2",1981,12,17.225,11.3,22,20,28,1981-12-28
"Z2",1982,1,16.97,11,22,20,28,1982-01-28
"Z2",1982,2,17.125,11.2,22.3,20,28,1982-02-28
"Z2",1982,3,17.4,11.2,22.3,20,28,1982-03-28
"Z2",1982,4,17.295,11.4,21.9,20,28,1982-04-28
"Z2",1982,5,17.41,11.6,21.9,20,28,1982-05-28
"Z2",1982,6,17.945,11.8,23.4,20,28,1982-06-28
"Z2",1982,7,17.87,11.3,23.4,20,28,1982-07-28
"Z2",1982,8,18.475,11.4,24.8,20,28,1982-08-28
"Z2",1982,9,17.83,11.5,23.4,20,28,1982-09-28
"Z2",1982,10,17.1,10.9,21.3,20,28,1982-10-28
"Z2",1982,11,17.48,11.3,21.7,20,28,1982-11-28
"Z2",1982,12,17.39,11.3,21.9,20,28,1982-12-28
"Z2",1983,1,18.505,12.5,23.8,20,28,1983-01-28
"Z2",1983,2,18.765,12.9,25.3,20,28,1983-02-28
"Z2",1983,3,18.745,13,24.8,20,28,1983-03-28
"Z2",1983,4,18.33,12.3,23.1,20,28,1983-04-28
"Z2",1983,5,18.585,13,23,20,28,1983-05-28
"Z2",1983,6,18.435,12.4,22.8,20,28,1983-06-28
"Z2",1983,7,18.475,11.9,22.8,20,28,1983-07-28
"Z2",1983,8,18.485,11.9,22.9,20,28,1983-08-28
"Z2",1983,9,17.925,11.4,22.4,20,28,1983-09-28
"Z2",1983,10,17.435,11.1,21.5,20,28,1983-10-28
"Z2",1983,11,17.42,11.6,21.9,20,28,1983-11-28
"Z2",1983,12,16.755,10.7,21.3,20,28,1983-12-28
"Z2",1984,1,16.51,10.6,21.7,20,28,1984-01-28
"Z2",1984,2,16.93,11.1,22,20,28,1984-02-28
"Z2",1984,3,17.445,11.1,22.5,20,28,1984-03-28
"Z2",1984,4,17.355,11.1,22.4,20,28,1984-04-28
"Z2",1984,5,17.18,11.2,21.8,20,28,1984-05-28
"Z2",1984,6,17.235,11.7,21.8,20,28,1984-06-28
"Z2",1984,7,17.03,11.3,21.5,20,28,1984-07-28
"Z2",1984,8,17.505,11.8,22,20,28,1984-08-28
"Z2",1984,9,16.88,11.3,21,20,28,1984-09-28
"Z2",1984,10,16.84,10.9,21.2,20,28,1984-10-28
"Z2",1984,11,16.595,10.8,21.1,20,28,1984-11-28
"Z2",1984,12,17.29,11.6,22,20,28,1984-12-28
"Z2",1985,1,16.665,10.6,22,20,28,1985-01-28
"Z2",1985,2,17.28,11.2,23.5,20,28,1985-02-28
"Z2",1985,3,17.51,11.8,23.5,20,28,1985-03-28
"Z2",1985,4,17.405,11.2,22.8,20,28,1985-04-28
"Z2",1985,5,17.57,11.6,22.4,20,28,1985-05-28
"Z2",1985,6,17.925,11.6,22.6,20,28,1985-06-28
"Z2",1985,7,17.5,10.9,22.9,20,28,1985-07-28
"Z2",1985,8,17.345,11.2,21.8,20,28,1985-08-28
"Z2",1985,9,17.39,10.5,21.7,20,28,1985-09-28
"Z2",1985,10,17.14,10.7,21.5,20,28,1985-10-28
"Z2",1985,11,16.91,10.8,21.5,20,28,1985-11-28
"Z2",1985,12,17.165,10.9,21.8,20,28,1985-12-28
"Z2",1986,1,17.35,11.2,22.3,20,28,1986-01-28
"Z2",1986,2,16.89,10.3,21.7,20,28,1986-02-28
"Z2",1986,3,17.36,11,22.9,20,28,1986-03-28
"Z2",1986,4,17.72,12.1,22.3,20,28,1986-04-28
"Z2",1986,5,17.925,12.3,22.2,20,28,1986-05-28
"Z2",1986,6,17.745,11.7,22,20,28,1986-06-28
"Z2",1986,7,18.115,11.3,22.9,20,28,1986-07-28
"Z2",1986,8,18.23,11.7,23.3,20,28,1986-08-28
"Z2",1986,9,18.04,11.7,22.3,20,28,1986-09-28
"Z2",1986,10,16.985,10.8,21.4,20,28,1986-10-28
"Z2",1986,11,17.425,11,21.8,20,28,1986-11-28
"Z2",1986,12,17.72,11.8,22.7,20,28,1986-12-28
"Z2",1987,1,18.005,12,23.5,20,28,1987-01-28
"Z2",1987,2,18.68,12.6,25.6,20,28,1987-02-28
"Z2",1987,3,18.325,12.2,25.2,20,28,1987-03-28
"Z2",1987,4,18.385,12.5,24.3,20,28,1987-04-28
"Z2",1987,5,18.115,12.5,23,20,28,1987-05-28
"Z2",1987,6,18.535,12.7,23.5,20,28,1987-06-28
"Z2",1987,7,18.375,12.3,23.5,20,28,1987-07-28
"Z2",1987,8,18.32,12.1,23.3,20,28,1987-08-28
"Z2",1987,9,18.045,12.2,22.1,20,28,1987-09-28
"Z2",1987,10,17.55,11.6,21.8,20,28,1987-10-28
"Z2",1987,11,17.86,11.9,22.5,20,28,1987-11-28
"Z2",1987,12,18.03,12.3,22.8,20,28,1987-12-28
"Z2",1988,1,18.13,12.2,23.8,20,28,1988-01-28
"Z2",1988,2,18.055,12.3,23.5,20,28,1988-02-28
"Z2",1988,3,18.415,12.5,24.9,20,28,1988-03-28
"Z2",1988,4,17.84,12,22.7,20,28,1988-04-28
"Z2",1988,5,18.08,12.5,22.6,20,28,1988-05-28
"Z2",1988,6,17.5,11.8,21.7,20,28,1988-06-28
"Z2",1988,7,17.655,11.6,22.2,20,28,1988-07-28
"Z2",1988,8,17.3,11.3,22.3,20,28,1988-08-28
"Z2",1988,9,17.355,11.4,21.5,20,28,1988-09-28
"Z2",1988,10,17.315,11.2,21.5,20,28,1988-10-28
"Z2",1988,11,17.13,11.1,21.8,20,28,1988-11-28
"Z2",1988,12,16.72,10.5,21.3,20,28,1988-12-28
"Z2",1989,1,17.125,11,22,20,28,1989-01-28
"Z2",1989,2,17.09,11.3,22.1,20,28,1989-02-28
"Z2",1989,3,17.02,10.7,22.6,20,28,1989-03-28
"Z2",1989,4,17.77,12,23.8,20,28,1989-04-28
"Z2",1989,5,17.65,11.6,22.2,20,28,1989-05-28
"Z2",1989,6,17.585,11.4,21.9,20,28,1989-06-28
"Z2",1989,7,17.77,11.2,22.4,20,28,1989-07-28
"Z2",1989,8,17.845,11.7,22.5,20,28,1989-08-28
"Z2",1989,9,17.585,11.3,21.7,20,28,1989-09-28
"Z2",1989,10,17.225,11.1,21.7,20,28,1989-10-28
"Z2",1989,11,17.58,11.4,22.3,20,28,1989-11-28
"Z2",1989,12,17.345,11,22.3,20,28,1989-12-28
"Z2",1990,1,17.675,12.1,22.3,20,28,1990-01-28
"Z2",1990,2,17.355,10.9,22.8,20,28,1990-02-28
"Z2",1990,3,17.94,11.8,23.2,20,28,1990-03-28
"Z2",1990,4,17.855,11.6,23.1,20,28,1990-04-28
"Z2",1990,5,18.18,12,22.9,20,28,1990-05-28
"Z2",1990,6,18.5,12.4,23.1,20,28,1990-06-28
"Z2",1990,7,17.985,11.7,22.4,20,28,1990-07-28
"Z2",1990,8,18.46,11.7,23.4,20,28,1990-08-28
"Z2",1990,9,18.245,11.7,22.7,20,28,1990-09-28
"Z2",1990,10,17.33,10.7,21.7,20,28,1990-10-28
"Z2",1990,11,17.645,11.3,22.4,20,28,1990-11-28
"Z2",1990,12,17.455,11.3,22.2,20,28,1990-12-28
"Z2",1991,1,17.8,11.6,23.4,20,28,1991-01-28
"Z2",1991,2,18.14,11.7,24.8,20,28,1991-02-28
"Z2",1991,3,17.785,11.2,23.7,20,28,1991-03-28
"Z2",1991,4,17.9,11.8,23.4,20,28,1991-04-28
"Z2",1991,5,18.065,11.7,22.8,20,28,1991-05-28
"Z2",1991,6,18.375,12.2,22.9,20,28,1991-06-28
"Z2",1991,7,18.125,11.6,23.1,20,28,1991-07-28
"Z2",1991,8,17.95,11,23.4,20,28,1991-08-28
"Z2",1991,9,18.075,11.4,23.7,20,28,1991-09-28
"Z2",1991,10,17.5,11,21.8,20,28,1991-10-28
"Z2",1991,11,17.11,10.8,21.7,20,28,1991-11-28
"Z2",1991,12,17.22,10.9,21.9,20,28,1991-12-28
"Z2",1992,1,17.57,11.4,23.1,20,28,1992-01-28
"Z2",1992,2,17.74,11.7,24.4,20,28,1992-02-28
"Z2",1992,3,18.535,12.2,25.5,20,28,1992-03-28
"Z2",1992,4,18.36,12.1,24.3,20,28,1992-04-28
"Z2",1992,5,18.075,11.9,22.9,20,28,1992-05-28
"Z2",1992,6,18.515,11.9,23.5,20,28,1992-06-28
"Z2",1992,7,17.855,11,23.1,20,28,1992-07-28
"Z2",1992,8,18.085,12,23.2,20,28,1992-08-28
"Z2",1992,9,17.69,11.9,22.3,20,28,1992-09-28
"Z2",1992,10,17.675,11.6,22.2,20,28,1992-10-28
"Z2",1992,11,17.05,11.1,22,20,28,1992-11-28
"Z2",1992,12,17.465,11.4,22.2,20,28,1992-12-28
"Z2",1993,1,17.045,11.3,22.4,20,28,1993-01-28
"Z2",1993,2,17.365,11.4,23.6,20,28,1993-02-28
"Z2",1993,3,17.46,11.1,23.6,20,28,1993-03-28
"Z2",1993,4,17.565,11.4,22.4,20,28,1993-04-28
"Z2",1993,5,17.57,11.4,22.3,20,28,1993-05-28
"Z2",1993,6,18.32,11.9,23.3,20,28,1993-06-28
"Z2",1993,7,17.97,11.6,23,20,28,1993-07-28
"Z2",1993,8,18.055,12,22.9,20,28,1993-08-28
"Z2",1993,9,17.44,12.1,21.9,20,28,1993-09-28
"Z2",1993,10,17.505,12.1,21.9,20,28,1993-10-28
"Z2",1993,11,16.89,11.3,21.5,20,28,1993-11-28
"Z2",1993,12,17.375,11.9,22.3,20,28,1993-12-28
"Z2",1994,1,17.035,11.5,22.4,20,28,1994-01-28
"Z2",1994,2,17.265,11.4,22.7,20,28,1994-02-28
"Z2",1994,3,17.255,11.5,23,20,28,1994-03-28
"Z2",1994,4,17.395,11,22.6,20,28,1994-04-28
"Z2",1994,5,17.625,11.4,22.4,20,28,1994-05-28
"Z2",1994,6,17.855,11.3,22.7,20,28,1994-06-28
"Z2",1994,7,17.98,11.4,22.7,20,28,1994-07-28
"Z2",1994,8,17.97,11.6,23,20,28,1994-08-28
"Z2",1994,9,18.265,11.7,23.4,20,28,1994-09-28
"Z2",1994,10,17.255,11.3,21.8,20,28,1994-10-28
"Z2",1994,11,17.19,11.1,22,20,28,1994-11-28
"Z2",1994,12,17.58,11.4,22.9,20,28,1994-12-28
"Z2",1995,1,18.005,11.7,23.7,20,28,1995-01-28
"Z2",1995,2,18.095,11.7,24.8,20,28,1995-02-28
"Z2",1995,3,17.83,11.5,24.4,20,28,1995-03-28
"Z2",1995,4,17.985,11.6,23.3,20,28,1995-04-28
"Z2",1995,5,17.855,11.8,22.7,20,28,1995-05-28
"Z2",1995,6,17.79,11.9,22.4,20,28,1995-06-28
"Z2",1995,7,17.545,11.4,22.1,20,28,1995-07-28
"Z2",1995,8,17.54,11.7,22.3,20,28,1995-08-28
"Z2",1995,9,17.95,11.7,23,20,28,1995-09-28
"Z2",1995,10,17.105,11.1,21.6,20,28,1995-10-28
"Z2",1995,11,17.205,11.3,22.2,20,28,1995-11-28
"Z2",1995,12,17.055,11.4,21.9,20,28,1995-12-28
"Z2",1996,1,16.99,11.3,22.2,20,28,1996-01-28
"Z2",1996,2,17.165,11.4,22.6,20,28,1996-02-28
"Z2",1996,3,17.255,11.6,22.4,20,28,1996-03-28
"Z2",1996,4,17.525,12,22.9,20,28,1996-04-28
"Z2",1996,5,17.42,11.8,22.2,20,28,1996-05-28
"Z2",1996,6,17.465,11.8,22.6,20,28,1996-06-28
"Z2",1996,7,17.595,11.4,22.4,20,28,1996-07-28
"Z2",1996,8,17.655,11.8,22.5,20,28,1996-08-28
"Z2",1996,9,17.82,12,22.9,20,28,1996-09-28
"Z2",1996,10,17.1,11.2,22,20,28,1996-10-28
"Z2",1996,11,17.095,11.2,22.2,20,28,1996-11-28
"Z2",1996,12,17.15,11.8,22,20,28,1996-12-28
"Z2",1997,1,16.845,11.1,22.2,20,28,1997-01-28
"Z2",1997,2,17.65,12.1,23,20,28,1997-02-28
"Z2",1997,3,17.83,12.2,23.2,20,28,1997-03-28
"Z2",1997,4,17.7,12.6,22.8,20,28,1997-04-28
"Z2",1997,5,18.265,13,23.2,20,28,1997-05-28
"Z2",1997,6,17.735,12.2,22.3,20,28,1997-06-28
"Z2",1997,7,18.605,11.6,24,20,28,1997-07-28
"Z2",1997,8,19.055,12,25.5,20,28,1997-08-28
"Z2",1997,9,18.47,12.2,23.7,20,28,1997-09-28
"Z2",1997,10,18.245,12.2,22.9,20,28,1997-10-28
"Z2",1997,11,17.68,11.9,22.4,20,28,1997-11-28
"Z2",1997,12,18.46,13,23.7,20,28,1997-12-28
"Z2",1998,1,19.01,13.2,26,20,28,1998-01-28
"Z2",1998,2,18.875,12.8,25.2,20,28,1998-02-28
"Z2",1998,3,18.9,12.8,24.8,20,28,1998-03-28
"Z2",1998,4,18.695,13,24,20,28,1998-04-28
"Z2",1998,5,18.545,12.8,23.5,20,28,1998-05-28
"Z2",1998,6,18.355,12.1,23.4,20,28,1998-06-28
"Z2",1998,7,17.93,11.8,23.3,20,28,1998-07-28
"Z2",1998,8,17.935,11.5,22.6,20,28,1998-08-28
"Z2",1998,9,17.77,11.4,22.4,20,28,1998-09-28
"Z2",1998,10,17.685,11.1,22.6,20,28,1998-10-28
"Z2",1998,11,17.18,10.4,21.9,20,28,1998-11-28
"Z2",1998,12,17.095,11,21.9,20,28,1998-12-28
"Z2",1999,1,16.925,10.8,22.1,20,28,1999-01-28
"Z2",1999,2,16.78,10.5,21.7,20,28,1999-02-28
"Z2",1999,3,17.225,11.4,22.2,20,28,1999-03-28
"Z2",1999,4,17.45,11.7,22.2,20,28,1999-04-28
"Z2",1999,5,17.44,11.9,22.3,20,28,1999-05-28
"Z2",1999,6,17.195,11.7,21.7,20,28,1999-06-28
"Z2",1999,7,17.645,11.8,22.5,20,28,1999-07-28
"Z2",1999,8,17.495,11.4,22.2,20,28,1999-08-28
"Z2",1999,9,16.88,11.1,21.6,20,28,1999-09-28
"Z2",1999,10,16.99,11.2,21.5,20,28,1999-10-28
"Z2",1999,11,16.93,11,21.9,20,28,1999-11-28
"Z2",1999,12,16.835,10.7,22,20,28,1999-12-28
"Z2",2000,1,16.625,10.7,21.8,20,28,2000-01-28
"Z2",2000,2,16.78,10.8,22,20,28,2000-02-28
"Z2",2000,3,17.06,11.1,22.3,20,28,2000-03-28
"Z2",2000,4,17.42,11.9,22.5,20,28,2000-04-28
"Z2",2000,5,17.345,11.5,22.2,20,28,2000-05-28
"Z2",2000,6,17.595,12.1,22.2,20,28,2000-06-28
"Z2",2000,7,17.555,11.9,22.3,20,28,2000-07-28
"Z2",2000,8,17.92,12.2,22.6,20,28,2000-08-28
"Z2",2000,9,17.05,11.6,21.5,20,28,2000-09-28
"Z2",2000,10,17.635,11.9,22.3,20,28,2000-10-28
"Z2",2000,11,17.245,11.1,22.2,20,28,2000-11-28
"Z2",2000,12,17.25,11.4,22.1,20,28,2000-12-28
"Z2",2001,1,17.045,11.6,22,20,28,2001-01-28
"Z2",2001,2,17.69,11.4,23.2,20,28,2001-02-28
"Z2",2001,3,17.44,11.8,22.9,20,28,2001-03-28
"Z2",2001,4,18.015,12.2,23.5,20,28,2001-04-28
"Z2",2001,5,17.92,12.4,22.7,20,28,2001-05-28
"Z2",2001,6,18.025,12.3,23,20,28,2001-06-28
"Z2",2001,7,17.96,11.9,22.5,20,28,2001-07-28
"Z2",2001,8,18.62,12,24.7,20,28,2001-08-28
"Z2",2001,9,17.64,11.7,22.5,20,28,2001-09-28
"Z2",2001,10,17.9,12.1,22.4,20,28,2001-10-28
"Z2",2001,11,17.42,11.8,22.2,20,28,2001-11-28
"Z2",2001,12,17.41,12,22.2,20,28,2001-12-28
"Z2",2002,1,17.67,12.4,22.7,20,28,2002-01-28
"Z2",2002,2,17.805,12.9,23.2,20,28,2002-02-28
"Z2",2002,3,17.835,12.2,23.5,20,28,2002-03-28
"Z2",2002,4,17.5,12,22.5,20,28,2002-04-28
"Z2",2002,5,18.095,12.6,22.7,20,28,2002-05-28
"Z2",2002,6,17.78,12.3,22.7,20,28,2002-06-28
"Z2",2002,7,18.08,12.4,23.1,20,28,2002-07-28
"Z2",2002,8,18.27,11.9,24,20,28,2002-08-28
"Z2",2002,9,18.085,12.1,23.1,20,28,2002-09-28
"Z2",2002,10,17.69,11.8,22.5,20,28,2002-10-28
"Z2",2002,11,17.51,11.8,22.6,20,28,2002-11-28
"Z2",2002,12,17.77,12,23,20,28,2002-12-28
"Z2",2003,1,18.055,12.4,23.7,20,28,2003-01-28
"Z2",2003,2,18.09,12.1,24.4,20,28,2003-02-28
"Z2",2003,3,17.835,11.8,23.7,20,28,2003-03-28
"Z2",2003,4,17.865,12.1,23.2,20,28,2003-04-28
"Z2",2003,5,18.2,12.7,23,20,28,2003-05-28
"Z2",2003,6,17.515,11.6,22.1,20,28,2003-06-28
"Z2",2003,7,17.925,11.8,23.2,20,28,2003-07-28
"Z2",2003,8,18.22,12,23.1,20,28,2003-08-28
"Z2",2003,9,17.865,11.7,22.5,20,28,2003-09-28
"Z2",2003,10,17.425,11.3,22,20,28,2003-10-28
"Z2",2003,11,17.385,11.5,22.1,20,28,2003-11-28
"Z2",2003,12,17.415,11.6,22,20,28,2003-12-28
"Z2",2004,1,17.365,10.9,22.2,20,28,2004-01-28
"Z2",2004,2,17.815,11.7,23.7,20,28,2004-02-28
"Z2",2004,3,18.235,12.2,24.2,20,28,2004-03-28
"Z2",2004,4,17.665,11.6,22.9,20,28,2004-04-28
"Z2",2004,5,17.86,12.3,22.4,20,28,2004-05-28
"Z2",2004,6,18.155,12.2,23.4,20,28,2004-06-28
"Z2",2004,7,17.52,11.6,21.9,20,28,2004-07-28
"Z2",2004,8,18.375,11.8,23.5,20,28,2004-08-28
"Z2",2004,9,17.51,11.3,21.8,20,28,2004-09-28
"Z2",2004,10,17.415,11.1,22,20,28,2004-10-28
"Z2",2004,11,17.445,11.2,22.1,20,28,2004-11-28
"Z2",2004,12,17.305,11.4,22.2,20,28,2004-12-28
"Z2",2005,1,17.53,11.5,22.7,20,28,2005-01-28
"Z2",2005,2,17.925,12.1,24.2,20,28,2005-02-28
"Z2",2005,3,17.97,11.8,23.7,20,28,2005-03-28
"Z2",2005,4,18.285,12.3,23.3,20,28,2005-04-28
"Z2",2005,5,18.135,12.4,22.6,20,28,2005-05-28
"Z2",2005,6,18.15,12.5,22.6,20,28,2005-06-28
"Z2",2005,7,18.335,11.8,22.9,20,28,2005-07-28
"Z2",2005,8,18.235,11.6,23,20,28,2005-08-28
"Z2",2005,9,18.345,11.6,22.9,20,28,2005-09-28
"Z2",2005,10,17.545,11.2,21.7,20,28,2005-10-28
"Z2",2005,11,17.455,11.4,21.9,20,28,2005-11-28
"Z2",2005,12,17.155,10.7,21.8,20,28,2005-12-28
"Z2",2006,1,17.44,11.2,22,20,28,2006-01-28
"Z2",2006,2,17.945,12.4,23.2,20,28,2006-02-28
"Z2",2006,3,17.765,12.3,22.8,20,28,2006-03-28
"Z2",2006,4,17.625,12.3,22.2,20,28,2006-04-28
"Z2",2006,5,17.945,12.7,22.4,20,28,2006-05-28
"Z2",2006,6,17.83,12.2,22.2,20,28,2006-06-28
"Z2",2006,7,18.35,12.4,23.3,20,28,2006-07-28
"Z2",2006,8,18.415,12.5,23.1,20,28,2006-08-28
"Z2",2006,9,18.16,12.4,22.7,20,28,2006-09-28
"Z2",2006,10,17.895,12.1,22.2,20,28,2006-10-28
"Z2",2006,11,17.335,11.4,21.8,20,28,2006-11-28
"Z2",2006,12,17.54,12.2,22.1,20,28,2006-12-28
"Z2",2007,1,18.215,13.2,22.9,20,28,2007-01-28
"Z2",2007,2,18.04,12,23.7,20,28,2007-02-28
"Z2",2007,3,17.81,12.5,23.1,20,28,2007-03-28
"Z2",2007,4,17.725,12.2,22.6,20,28,2007-04-28
"Z2",2007,5,17.73,12.4,22.1,20,28,2007-05-28
"Z2",2007,6,17.885,12,23,20,28,2007-06-28
"Z2",2007,7,18.02,11.7,22.8,20,28,2007-07-28
"Z2",2007,8,17.5,11.4,22.1,20,28,2007-08-28
"Z2",2007,9,17.905,12,22.2,20,28,2007-09-28
"Z2",2007,10,17.035,10.7,21.1,20,28,2007-10-28
"Z2",2007,11,17.245,11.4,22,20,28,2007-11-28
"Z2",2007,12,16.76,10.7,21.5,20,28,2007-12-28
"Z2",2008,1,16.945,11.2,21.9,20,28,2008-01-28
"Z2",2008,2,16.955,11.1,22.1,20,28,2008-02-28
"Z2",2008,3,17.02,11.1,21.7,20,28,2008-03-28
"Z2",2008,4,17.405,11.5,22.4,20,28,2008-04-28
"Z2",2008,5,17.375,11.8,22.1,20,28,2008-05-28
"Z2",2008,6,17.6,12.2,22,20,28,2008-06-28
"Z2",2008,7,17.47,11.8,21.9,20,28,2008-07-28
"Z2",2008,8,17.39,11.7,22,20,28,2008-08-28
"Z2",2008,9,17.685,12,22.3,20,28,2008-09-28
"Z2",2008,10,17.285,11.6,22.1,20,28,2008-10-28
"Z2",2008,11,17.145,11.6,21.6,20,28,2008-11-28
"Z2",2008,12,17.075,11.5,21.8,20,28,2008-12-28
"Z2",2009,1,17.275,11.9,22.3,20,28,2009-01-28
"Z2",2009,2,17.435,11.9,22.7,20,28,2009-02-28
"Z2",2009,3,17.595,12.1,23,20,28,2009-03-28
"Z2",2009,4,17.965,12.4,23.2,20,28,2009-04-28
"Z2",2009,5,18.12,12.8,23.2,20,28,2009-05-28
"Z2",2009,6,18.065,12.7,22.9,20,28,2009-06-28
"Z2",2009,7,18.395,12.9,23.4,20,28,2009-07-28
"Z2",2009,8,18.535,12.9,23.5,20,28,2009-08-28
"Z2",2009,9,18.855,13.2,23.8,20,28,2009-09-28
"Z2",2009,10,18.17,12.5,22.6,20,28,2009-10-28
"Z2",2009,11,17.955,12.6,22.6,20,28,2009-11-28
"Z2",2009,12,17.985,12.8,23,20,28,2009-12-28
"Z2",2010,1,18.51,13.6,24.1,20,28,2010-01-28
"Z2",2010,2,18.925,14.1,25.7,20,28,2010-02-28
"Z2",2010,3,18.96,13.9,25,20,28,2010-03-28
"Z2",2010,4,18.385,13,23.5,20,28,2010-04-28
"Z2",2010,5,18.57,13.5,23.2,20,28,2010-05-28
"Z2",2010,6,17.935,12.7,22.4,20,28,2010-06-28
"Z2",2010,7,17.555,12.2,21.8,20,28,2010-07-28
"Z2",2010,8,17.86,12.5,22.3,20,28,2010-08-28
"Z2",2010,9,17.425,11.9,21.6,20,28,2010-09-28
"Z2",2010,10,17.345,11.8,21.8,20,28,2010-10-28
"Z2",2010,11,16.725,11.2,21.4,20,28,2010-11-28
"Z2",2010,12,16.81,12,21.6,20,28,2010-12-28
"Z2",2011,1,17.285,12.5,22.2,20,28,2011-01-28
"Z2",2011,2,17.19,11.8,22.3,20,28,2011-02-28
"Z2",2011,3,17.12,11.9,21.9,20,28,2011-03-28
"Z2",2011,4,17.165,11.7,21.8,20,28,2011-04-28
"Z2",2011,5,17.85,12.9,22.6,20,28,2011-05-28
"Z2",2011,6,17.955,12.4,22.6,20,28,2011-06-28
"Z2",2011,7,17.765,12.2,22.6,20,28,2011-07-28
"Z2",2011,8,18.095,12.6,22.6,20,28,2011-08-28
"Z2",2011,9,17.875,12.6,22.6,20,28,2011-09-28
"Z2",2011,10,16.895,11.6,21.4,20,28,2011-10-28
"Z2",2011,11,16.98,11.5,21.4,20,28,2011-11-28
"Z2",2011,12,17.145,12.1,21.8,20,28,2011-12-28
"Z2",2012,1,17.105,11.7,22.1,20,28,2012-01-28
"Z2",2012,2,17.5368421052632,13,22.6,20,28,2012-02-28
"Z2",2012,3,17.745,12.7,22.3,20,28,2012-03-28
"Z2",2012,4,17.0944444444444,12.2,21.4,20,28,2012-04-28
"Z2",2012,5,17.9736842105263,13.1,22.5,20,28,2012-05-28
"Z2",2012,6,18.2263157894737,12.9,23.1,20,28,2012-06-28
"Z2",2012,7,18.3578947368421,12.6,23.4,20,28,2012-07-28
"Z2",2012,8,18.215,12.3,22.6,20,28,2012-08-28
"Z2",2012,9,18.55,13.1,23.4,20,28,2012-09-28
"Z2",2012,10,17.69,12.4,22.3,20,28,2012-10-28
"Z2",2012,11,17.645,12.7,22.4,20,28,2012-11-28
"Z2",2012,12,17.495,12.1,22.2,20,28,2012-12-28
"Z2",2013,1,18.315,13.2,23.7,20,28,2013-01-28
"Z2",2013,2,17.55,11.9,22.7,20,28,2013-02-28
"Z2",2013,3,18.235,13,23.3,20,28,2013-03-28
"Z2",2013,4,18.23,13,23.3,20,28,2013-04-28
"Z2",2013,5,17.62,12.6,21.9,20,28,2013-05-28
"Z2",2013,6,18.32,13.3,23.4,20,28,2013-06-28
"Z2",2013,7,18.09,12.3,23.8,20,28,2013-07-28
"Z2",2013,8,17.975,12.4,22.7,20,28,2013-08-28
"Z2",2013,9,18.105,12.8,22.5,20,28,2013-09-28
"Z2",2013,10,17.735,12.4,22.3,20,28,2013-10-28
"Z2",2013,11,17.23,11.6,21.9,20,28,2013-11-28
"Z2",2013,12,17.465,12.2,22,20,28,2013-12-28
"Z2",2014,1,17.65,11.9,22.8,20,28,2014-01-28
"Z2",2014,2,17.715,12.2,22.9,20,28,2014-02-28
"Z2",2014,3,17.8,12.4,23.3,20,28,2014-03-28
"Z2",2014,4,18.4473684210526,13.2,23.9,20,28,2014-04-28
"Z2",2014,5,17.915,12.8,22.9,20,28,2014-05-28
"Z2",2014,6,18.35,12.9,23.5,20,28,2014-06-28
"Z2",2014,7,18.99,12.6,24.7,20,28,2014-07-28
"Z2",2014,8,18.26,12.3,23.7,20,28,2014-08-28
"Z2",2014,9,18.245,12.5,23.1,20,28,2014-09-28
"Z2",2014,10,17.625,12,22.2,20,28,2014-10-28
"Z2",2014,11,17.46,12,22.4,20,28,2014-11-28
"Z2",2014,12,17.645,12.2,22.5,20,28,2014-12-28
"Z2",2015,1,17.94,12.5,23,20,28,2015-01-28
"Z2",2015,2,17.995,12.6,23.7,20,28,2015-02-28
"Z2",2015,3,17.9894736842105,12.3,24.2,20,28,2015-03-28
"Z2",2015,4,18.25,13,23.1,20,28,2015-04-28
"Z2",2015,5,18.72,13.2,23.8,20,28,2015-05-28
"Z2",2015,6,18.925,12.7,24.2,20,28,2015-06-28
"Z2",2015,7,18.79,12.8,24.1,20,28,2015-07-28
"Z2",2015,8,19.055,13,24,20,28,2015-08-28
"Z2",2015,9,19.37,13.3,24.4,20,28,2015-09-28
"Z2",2015,10,18.51,13.1,23.2,20,28,2015-10-28
"Z2",2015,11,18.1,12.6,22.6,20,28,2015-11-28
"Z2",2015,12,19.195,14.1,24.2,20,28,2015-12-28
"Z2",2016,1,18.695,13.4,24.6,20,28,2016-01-28
"Z2",2016,2,19.2789473684211,14.1,25.6,20,28,2016-02-28
"Z2",2016,3,19.095,13.7,25.1,20,28,2016-03-28
"Z2",2016,4,18.605,13.1,24.5,20,28,2016-04-28
"Z2",2016,5,18.685,13.3,23.5,20,28,2016-05-28
"Z2",2016,6,18.36,12.9,24,20,28,2016-06-28
"Z2",2016,7,18.29,12.7,23.3,20,28,2016-07-28
"Z2",2016,8,18.865,13.1,24.2,20,28,2016-08-28
"Z2",2016,9,18.36,13,22.9,20,28,2016-09-28
"Z2",2016,10,17.85,12.3,22.4,20,28,2016-10-28
"Z2",2016,11,17.555,12.4,22.1,20,28,2016-11-28
"Z2",2016,12,17.475,12.2,22.1,20,28,2016-12-28
"Z2",2017,1,17.305,11.6,22.2,20,28,2017-01-28
"Z2",2017,2,17.95,11.7,23.6,20,28,2017-02-28
"Z2",2017,3,17.25,11.6,22.4,20,28,2017-03-28
"Z2",2017,4,18.15,13,23,20,28,2017-04-28
"Z2",2017,5,17.92,12.7,22.7,20,28,2017-05-28
"Z2",2017,6,18.04,12.6,22.8,20,28,2017-06-28
"Z2",2017,7,18.325,12.3,23.8,20,28,2017-07-28
"Z2",2017,8,18.285,12.6,23.8,20,28,2017-08-28
"Z2",2017,9,18.255,12.8,22.9,20,28,2017-09-28
"Z2",2017,10,17.78,12.2,22.6,20,28,2017-10-28
"Z2",2017,11,17.36,12.4,22.3,20,28,2017-11-28
"Z2",2017,12,17.575,12.3,22.5,20,28,2017-12-28
"Z2",2018,1,17.305,12,22.9,20,28,2018-01-28
"Z2",2018,2,17.645,11.9,23,20,28,2018-02-28
"Z2",2018,3,18.015,12.9,23.3,20,28,2018-03-28
"Z2",2018,4,17.58,12.2,22.6,20,28,2018-04-28
"Z2",2018,5,17.67,12.6,22.9,20,28,2018-05-28
"Z2",2018,6,17.98,12.9,23.2,20,28,2018-06-28
"Z2",2018,7,18.215,12.7,23.5,20,28,2018-07-28
"Z2",2018,8,18.41,12.4,23.3,20,28,2018-08-28
"Z2",2018,9,18.165,12.7,22.9,20,28,2018-09-28
"Z2",2018,10,17.6842105263158,12.2,22.3,20,28,2018-10-28
"Z2",2018,11,17.6684210526316,12.4,22.7,20,28,2018-11-28
"Z2",2018,12,17.9052631578947,13.1,22.9,20,28,2018-12-28
"Z2",2019,1,18.1055555555556,12.8,23.5,20,28,2019-01-28
"Z2",2019,2,18.3947368421053,13.4,24.2,20,28,2019-02-28
"Z2",2019,3,18.2842105263158,13.4,24,20,28,2019-03-28
"Z2",2019,4,18.1157894736842,13.2,23.2,20,28,2019-04-28
"Z2",2019,5,18.0736842105263,13.2,22.9,20,28,2019-05-28
"Z2",2019,6,18.5736842105263,13,23.8,20,28,2019-06-28
"Z2",2019,7,17.6526315789474,5.1,23.4,20,28,2019-07-28
"Z2",2019,8,18.9777777777778,12.8,24.6,20,28,2019-08-28
"Z2",2019,9,18.7055555555556,13,23.7,20,28,2019-09-28
"Z2",2019,10,17.5277777777778,12.4,22.1,20,28,2019-10-28
"Z2",2019,11,17.6388888888889,12.4,22.5,20,28,2019-11-28
"Z2",2019,12,17.9421052631579,12.8,23.1,20,28,2019-12-28
"Z2",2020,1,18.2631578947368,13.2,23.3,20,28,2020-01-28
"Z2",2020,2,18.3777777777778,13.6,24.5,20,28,2020-02-28
"Z2",2020,3,18.0833333333333,13,24.6,20,28,2020-03-28
"Z2",2020,4,18.3777777777778,13.6,24.5,20,28,2020-04-28
"Z2",2020,5,18.3333333333333,13.8,24.4,20,28,2020-05-28
"Z2",2020,6,17.7777777777778,13,23,20,28,2020-06-28
"Z3",1981,1,16.48,14,20.2,5,28,1981-01-28
"Z3",1981,2,17.2,14.3,21.7,5,28,1981-02-28
"Z3",1981,3,17.26,14.4,21.4,5,28,1981-03-28
"Z3",1981,4,17,14.4,21.1,5,28,1981-04-28
"Z3",1981,5,16.88,14,20.7,5,28,1981-05-28
"Z3",1981,6,16.86,13.9,20.9,5,28,1981-06-28
"Z3",1981,7,16.82,13.7,21.5,5,28,1981-07-28
"Z3",1981,8,16.8,13.8,21.1,5,28,1981-08-28
"Z3",1981,9,16.62,13.6,20.9,5,28,1981-09-28
"Z3",1981,10,16.54,13.5,20.5,5,28,1981-10-28
"Z3",1981,11,16.9,14.1,21.1,5,28,1981-11-28
"Z3",1981,12,16.98,14.4,21,5,28,1981-12-28
"Z3",1982,1,16.56,14,20.5,5,28,1982-01-28
"Z3",1982,2,16.42,13.9,20.2,5,28,1982-02-28
"Z3",1982,3,16.96,14.1,21,5,28,1982-03-28
"Z3",1982,4,16.82,14.6,20.6,5,28,1982-04-28
"Z3",1982,5,17.04,14.8,20.2,5,28,1982-05-28
"Z3",1982,6,17.28,14.6,21.2,5,28,1982-06-28
"Z3",1982,7,17.18,14,21.6,5,28,1982-07-28
"Z3",1982,8,17.72,14.1,23,5,28,1982-08-28
"Z3",1982,9,17.16,14.4,21.1,5,28,1982-09-28
"Z3",1982,10,16.58,13.9,20.1,5,28,1982-10-28
"Z3",1982,11,17.04,14.2,21,5,28,1982-11-28
"Z3",1982,12,17.16,14.5,21.3,5,28,1982-12-28
"Z3",1983,1,18.34,15.7,23,5,28,1983-01-28
"Z3",1983,2,18.7,15.5,23.6,5,28,1983-02-28
"Z3",1983,3,18.42,15.4,23,5,28,1983-03-28
"Z3",1983,4,18.06,15.2,22.4,5,28,1983-04-28
"Z3",1983,5,18.3,15.4,22.6,5,28,1983-05-28
"Z3",1983,6,18.1,14.7,22.7,5,28,1983-06-28
"Z3",1983,7,17.94,14.5,22.8,5,28,1983-07-28
"Z3",1983,8,17.9,14.7,22.9,5,28,1983-08-28
"Z3",1983,9,17.58,14.7,21.9,5,28,1983-09-28
"Z3",1983,10,16.98,14.4,21,5,28,1983-10-28
"Z3",1983,11,17.14,14.5,20.9,5,28,1983-11-28
"Z3",1983,12,16.48,13.8,20.4,5,28,1983-12-28
"Z3",1984,1,16.18,13.5,20.5,5,28,1984-01-28
"Z3",1984,2,16.76,13.9,21.3,5,28,1984-02-28
"Z3",1984,3,17.44,14.5,22,5,28,1984-03-28
"Z3",1984,4,17.34,14.5,22,5,28,1984-04-28
"Z3",1984,5,16.96,14.3,21,5,28,1984-05-28
"Z3",1984,6,16.88,14,21.2,5,28,1984-06-28
"Z3",1984,7,16.58,13.7,21.1,5,28,1984-07-28
"Z3",1984,8,16.86,13.7,21.3,5,28,1984-08-28
"Z3",1984,9,16.34,13.6,20.6,5,28,1984-09-28
"Z3",1984,10,16.52,14.1,20.3,5,28,1984-10-28
"Z3",1984,11,16.18,13.8,20.5,5,28,1984-11-28
"Z3",1984,12,16.76,14.5,20.9,5,28,1984-12-28
"Z3",1985,1,16.42,13.5,20.7,5,28,1985-01-28
"Z3",1985,2,17.22,14.2,22.1,5,28,1985-02-28
"Z3",1985,3,17.34,14.6,21.9,5,28,1985-03-28
"Z3",1985,4,17.08,14.5,21.4,5,28,1985-04-28
"Z3",1985,5,17.22,14.5,21.4,5,28,1985-05-28
"Z3",1985,6,17.34,14,22.2,5,28,1985-06-28
"Z3",1985,7,16.86,13.7,21.7,5,28,1985-07-28
"Z3",1985,8,16.62,13.6,21.1,5,28,1985-08-28
"Z3",1985,9,16.76,13.9,20.8,5,28,1985-09-28
"Z3",1985,10,16.6,14.1,20.6,5,28,1985-10-28
"Z3",1985,11,16.4,13.9,20.4,5,28,1985-11-28
"Z3",1985,12,16.68,14.1,21.1,5,28,1985-12-28
"Z3",1986,1,16.84,14.1,21.4,5,28,1986-01-28
"Z3",1986,2,16.22,13.8,20.6,5,28,1986-02-28
"Z3",1986,3,16.94,13.9,21.7,5,28,1986-03-28
"Z3",1986,4,17.3,14.7,21.6,5,28,1986-04-28
"Z3",1986,5,17.38,14.8,21.8,5,28,1986-05-28
"Z3",1986,6,17.14,14.1,21.9,5,28,1986-06-28
"Z3",1986,7,17.24,13.4,22.4,5,28,1986-07-28
"Z3",1986,8,17.6,14.1,22.5,5,28,1986-08-28
"Z3",1986,9,17.4,14.4,22.2,5,28,1986-09-28
"Z3",1986,10,16.58,14.2,20.5,5,28,1986-10-28
"Z3",1986,11,17.08,14.6,21.6,5,28,1986-11-28
"Z3",1986,12,17.36,14.8,21.9,5,28,1986-12-28
"Z3",1987,1,17.48,14.9,22,5,28,1987-01-28
"Z3",1987,2,18.26,15.3,23.4,5,28,1987-02-28
"Z3",1987,3,18.08,15.2,23,5,28,1987-03-28
"Z3",1987,4,18.3,15.4,22.8,5,28,1987-04-28
"Z3",1987,5,17.94,15,22,5,28,1987-05-28
"Z3",1987,6,18.22,14.7,23.1,5,28,1987-06-28
"Z3",1987,7,18.08,15,22.7,5,28,1987-07-28
"Z3",1987,8,17.98,14.7,23,5,28,1987-08-28
"Z3",1987,9,17.74,14.6,22.1,5,28,1987-09-28
"Z3",1987,10,17.26,14.5,21.3,5,28,1987-10-28
"Z3",1987,11,17.64,14.8,22.1,5,28,1987-11-28
"Z3",1987,12,17.72,14.8,22.1,5,28,1987-12-28
"Z3",1988,1,17.86,15.1,22.2,5,28,1988-01-28
"Z3",1988,2,17.9,15.4,22.1,5,28,1988-02-28
"Z3",1988,3,18.18,15,23.4,5,28,1988-03-28
"Z3",1988,4,17.84,15,22.1,5,28,1988-04-28
"Z3",1988,5,18.14,14.8,22.5,5,28,1988-05-28
"Z3",1988,6,17.14,13.9,21.3,5,28,1988-06-28
"Z3",1988,7,17.2,13.8,22.2,5,28,1988-07-28
"Z3",1988,8,16.68,13.8,20.5,5,28,1988-08-28
"Z3",1988,9,16.94,13.7,21.1,5,28,1988-09-28
"Z3",1988,10,16.88,14.1,20.4,5,28,1988-10-28
"Z3",1988,11,16.64,14.2,20.6,5,28,1988-11-28
"Z3",1988,12,16.44,13.9,20.2,5,28,1988-12-28
"Z3",1989,1,16.8,14.2,20.8,5,28,1989-01-28
"Z3",1989,2,16.58,13.8,20.9,5,28,1989-02-28
"Z3",1989,3,16.46,13.9,20.8,5,28,1989-03-28
"Z3",1989,4,17.78,15.3,21.9,5,28,1989-04-28
"Z3",1989,5,17.2,13.4,21.7,5,28,1989-05-28
"Z3",1989,6,17.32,14.2,21.7,5,28,1989-06-28
"Z3",1989,7,17.24,13.8,22.1,5,28,1989-07-28
"Z3",1989,8,17.38,14.4,22.1,5,28,1989-08-28
"Z3",1989,9,17.18,14.3,21.4,5,28,1989-09-28
"Z3",1989,10,17.02,14.2,20.6,5,28,1989-10-28
"Z3",1989,11,17.38,14.5,21.5,5,28,1989-11-28
"Z3",1989,12,17.04,14.4,21.4,5,28,1989-12-28
"Z3",1990,1,17.36,14.6,21.4,5,28,1990-01-28
"Z3",1990,2,17.24,14.7,21.8,5,28,1990-02-28
"Z3",1990,3,17.76,14.6,22.7,5,28,1990-03-28
"Z3",1990,4,17.76,14.5,22.1,5,28,1990-04-28
"Z3",1990,5,18.04,14.6,22.7,5,28,1990-05-28
"Z3",1990,6,18.16,14.5,22.9,5,28,1990-06-28
"Z3",1990,7,17.52,14,22.1,5,28,1990-07-28
"Z3",1990,8,17.92,13.9,23.1,5,28,1990-08-28
"Z3",1990,9,17.78,14.5,22.6,5,28,1990-09-28
"Z3",1990,10,16.9,13.9,20.9,5,28,1990-10-28
"Z3",1990,11,17.44,14.5,21.6,5,28,1990-11-28
"Z3",1990,12,17.14,14.4,21.5,5,28,1990-12-28
"Z3",1991,1,17.62,14.8,22.5,5,28,1991-01-28
"Z3",1991,2,17.9,15.1,23,5,28,1991-02-28
"Z3",1991,3,17.48,14.7,22.2,5,28,1991-03-28
"Z3",1991,4,17.54,14.1,22.2,5,28,1991-04-28
"Z3",1991,5,17.88,15,22.3,5,28,1991-05-28
"Z3",1991,6,18.04,14.9,22.9,5,28,1991-06-28
"Z3",1991,7,17.8,14.5,23.1,5,28,1991-07-28
"Z3",1991,8,17.6,13.8,23.3,5,28,1991-08-28
"Z3",1991,9,17.58,14.4,22.7,5,28,1991-09-28
"Z3",1991,10,16.96,14.1,21.4,5,28,1991-10-28
"Z3",1991,11,16.86,14.3,21.3,5,28,1991-11-28
"Z3",1991,12,17.06,15,21.2,5,28,1991-12-28
"Z3",1992,1,17.46,14.7,22.1,5,28,1992-01-28
"Z3",1992,2,17.72,15.3,22.7,5,28,1992-02-28
"Z3",1992,3,18.64,15.8,23.8,5,28,1992-03-28
"Z3",1992,4,18.48,15.4,23.4,5,28,1992-04-28
"Z3",1992,5,17.96,15.2,22.3,5,28,1992-05-28
"Z3",1992,6,18.04,14.6,23.5,5,28,1992-06-28
"Z3",1992,7,17.32,13.8,23,5,28,1992-07-28
"Z3",1992,8,17.56,14.1,23.2,5,28,1992-08-28
"Z3",1992,9,17.14,14,22.1,5,28,1992-09-28
"Z3",1992,10,17.22,14.2,22.2,5,28,1992-10-28
"Z3",1992,11,16.82,13.9,21.2,5,28,1992-11-28
"Z3",1992,12,17.14,14.5,21.7,5,28,1992-12-28
"Z3",1993,1,16.96,14.3,21.4,5,28,1993-01-28
"Z3",1993,2,17.38,14.8,22.6,5,28,1993-02-28
"Z3",1993,3,17.38,14.3,22.6,5,28,1993-03-28
"Z3",1993,4,17.32,14.6,21.8,5,28,1993-04-28
"Z3",1993,5,17.46,14.7,21.9,5,28,1993-05-28
"Z3",1993,6,18.02,14.4,23.2,5,28,1993-06-28
"Z3",1993,7,17.7,14.1,22.7,5,28,1993-07-28
"Z3",1993,8,17.72,14.3,22.4,5,28,1993-08-28
"Z3",1993,9,17.32,14.2,21.8,5,28,1993-09-28
"Z3",1993,10,17.48,14.3,21.6,5,28,1993-10-28
"Z3",1993,11,16.96,14.1,20.8,5,28,1993-11-28
"Z3",1993,12,17.54,14.7,21.8,5,28,1993-12-28
"Z3",1994,1,17.06,14.3,21.6,5,28,1994-01-28
"Z3",1994,2,17.26,14.5,21.8,5,28,1994-02-28
"Z3",1994,3,17.16,14.4,21.6,5,28,1994-03-28
"Z3",1994,4,17.32,14.2,21.7,5,28,1994-04-28
"Z3",1994,5,17.68,14.6,22,5,28,1994-05-28
"Z3",1994,6,17.74,14,22.6,5,28,1994-06-28
"Z3",1994,7,17.42,13.7,22.7,5,28,1994-07-28
"Z3",1994,8,17.52,13.9,22.7,5,28,1994-08-28
"Z3",1994,9,17.76,14.3,23.4,5,28,1994-09-28
"Z3",1994,10,16.82,14.1,21.3,5,28,1994-10-28
"Z3",1994,11,16.98,14.1,21.3,5,28,1994-11-28
"Z3",1994,12,17.32,14.5,21.7,5,28,1994-12-28
"Z3",1995,1,17.6,14.5,22.4,5,28,1995-01-28
"Z3",1995,2,17.82,14.7,22.8,5,28,1995-02-28
"Z3",1995,3,17.56,14.4,22.4,5,28,1995-03-28
"Z3",1995,4,18,14.9,22.4,5,28,1995-04-28
"Z3",1995,5,17.74,14.6,22.3,5,28,1995-05-28
"Z3",1995,6,17.64,14.7,22.3,5,28,1995-06-28
"Z3",1995,7,17.18,14,22,5,28,1995-07-28
"Z3",1995,8,17.1,13.8,22.3,5,28,1995-08-28
"Z3",1995,9,17.38,14.2,21.6,5,28,1995-09-28
"Z3",1995,10,16.7,13.7,20.7,5,28,1995-10-28
"Z3",1995,11,17.02,14,21.3,5,28,1995-11-28
"Z3",1995,12,16.8,13.8,21.3,5,28,1995-12-28
"Z3",1996,1,16.78,14.1,21.1,5,28,1996-01-28
"Z3",1996,2,16.96,14.1,21.3,5,28,1996-02-28
"Z3",1996,3,16.8,13.8,21.5,5,28,1996-03-28
"Z3",1996,4,17.26,14.4,22.1,5,28,1996-04-28
"Z3",1996,5,17.1,14.3,21.4,5,28,1996-05-28
"Z3",1996,6,17.14,14.2,21.9,5,28,1996-06-28
"Z3",1996,7,17.02,13.5,22.4,5,28,1996-07-28
"Z3",1996,8,17.12,13.5,22.4,5,28,1996-08-28
"Z3",1996,9,17.4,13.9,22.9,5,28,1996-09-28
"Z3",1996,10,16.72,13.6,21.3,5,28,1996-10-28
"Z3",1996,11,16.84,14,21.6,5,28,1996-11-28
"Z3",1996,12,16.98,14.2,21.8,5,28,1996-12-28
"Z3",1997,1,16.62,14,21.3,5,28,1997-01-28
"Z3",1997,2,17.42,14.7,21.8,5,28,1997-02-28
"Z3",1997,3,17.58,14.9,22.3,5,28,1997-03-28
"Z3",1997,4,17.44,14.7,21.9,5,28,1997-04-28
"Z3",1997,5,18.14,15,23,5,28,1997-05-28
"Z3",1997,6,17.58,14.7,22.1,5,28,1997-06-28
"Z3",1997,7,18.1,14.2,24,5,28,1997-07-28
"Z3",1997,8,18.4,14.3,24.3,5,28,1997-08-28
"Z3",1997,9,18.08,14.7,23,5,28,1997-09-28
"Z3",1997,10,18.04,14.9,22.9,5,28,1997-10-28
"Z3",1997,11,17.42,14.6,21.4,5,28,1997-11-28
"Z3",1997,12,17.98,15,22.4,5,28,1997-12-28
"Z3",1998,1,18.58,15.7,23.7,5,28,1998-01-28
"Z3",1998,2,18.78,16,24.1,5,28,1998-02-28
"Z3",1998,3,18.8,16,24.1,5,28,1998-03-28
"Z3",1998,4,18.62,16,23,5,28,1998-04-28
"Z3",1998,5,18.42,15.3,23.5,5,28,1998-05-28
"Z3",1998,6,18.24,14.7,23.4,5,28,1998-06-28
"Z3",1998,7,17.86,14.4,23.3,5,28,1998-07-28
"Z3",1998,8,17.6,14.5,22.1,5,28,1998-08-28
"Z3",1998,9,17.38,14.7,21.1,5,28,1998-09-28
"Z3",1998,10,17.26,14.6,21.2,5,28,1998-10-28
"Z3",1998,11,17.06,14.4,20.8,5,28,1998-11-28
"Z3",1998,12,16.8,14,21.1,5,28,1998-12-28
"Z3",1999,1,16.88,14.2,21.3,5,28,1999-01-28
"Z3",1999,2,16.8,13.9,21.7,5,28,1999-02-28
"Z3",1999,3,17.18,14.3,21.4,5,28,1999-03-28
"Z3",1999,4,17.3,14.2,21.5,5,28,1999-04-28
"Z3",1999,5,17.44,14.4,21.9,5,28,1999-05-28
"Z3",1999,6,17.14,14.3,21.4,5,28,1999-06-28
"Z3",1999,7,17.3,14.3,22.1,5,28,1999-07-28
"Z3",1999,8,17.02,13.7,21.8,5,28,1999-08-28
"Z3",1999,9,16.58,13.5,20.9,5,28,1999-09-28
"Z3",1999,10,16.9,13.9,21.4,5,28,1999-10-28
"Z3",1999,11,16.98,14.2,21.5,5,28,1999-11-28
"Z3",1999,12,16.82,14.1,21,5,28,1999-12-28
"Z3",2000,1,16.46,13.5,20.8,5,28,2000-01-28
"Z3",2000,2,16.78,14.2,21.3,5,28,2000-02-28
"Z3",2000,3,16.96,14,21.6,5,28,2000-03-28
"Z3",2000,4,17.34,14.2,21.9,5,28,2000-04-28
"Z3",2000,5,17.36,14.1,21.8,5,28,2000-05-28
"Z3",2000,6,17.46,14.5,21.4,5,28,2000-06-28
"Z3",2000,7,17.32,13.9,22,5,28,2000-07-28
"Z3",2000,8,17.56,14,22.3,5,28,2000-08-28
"Z3",2000,9,16.98,14.4,20.6,5,28,2000-09-28
"Z3",2000,10,17.3,14.2,21.5,5,28,2000-10-28
"Z3",2000,11,17.14,14.6,21.3,5,28,2000-11-28
"Z3",2000,12,17.16,14.5,21.3,5,28,2000-12-28
"Z3",2001,1,16.88,14,21.1,5,28,2001-01-28
"Z3",2001,2,17.46,14.4,22.3,5,28,2001-02-28
"Z3",2001,3,17.36,14.4,21.9,5,28,2001-03-28
"Z3",2001,4,17.98,14.9,22.8,5,28,2001-04-28
"Z3",2001,5,17.74,14.9,22.1,5,28,2001-05-28
"Z3",2001,6,17.62,14.2,22.3,5,28,2001-06-28
"Z3",2001,7,17.32,13.5,22.3,5,28,2001-07-28
"Z3",2001,8,18.12,14.3,23.8,5,28,2001-08-28
"Z3",2001,9,17.38,14,22.1,5,28,2001-09-28
"Z3",2001,10,17.6,14.7,21.9,5,28,2001-10-28
"Z3",2001,11,17.42,14.7,21.5,5,28,2001-11-28
"Z3",2001,12,17.58,15,21.6,5,28,2001-12-28
"Z3",2002,1,17.66,14.7,22.1,5,28,2002-01-28
"Z3",2002,2,17.86,14.8,22.5,5,28,2002-02-28
"Z3",2002,3,17.82,14.7,22.6,5,28,2002-03-28
"Z3",2002,4,17.26,14.4,21.5,5,28,2002-04-28
"Z3",2002,5,18,14.9,22.7,5,28,2002-05-28
"Z3",2002,6,17.7,14.5,22.5,5,28,2002-06-28
"Z3",2002,7,18.06,14.6,23.1,5,28,2002-07-28
"Z3",2002,8,18.14,14.3,23.5,5,28,2002-08-28
"Z3",2002,9,17.98,14.5,23,5,28,2002-09-28
"Z3",2002,10,17.6,14.7,21.9,5,28,2002-10-28
"Z3",2002,11,17.42,14.3,21.7,5,28,2002-11-28
"Z3",2002,12,17.68,15.1,22.1,5,28,2002-12-28
"Z3",2003,1,17.86,14.8,22.8,5,28,2003-01-28
"Z3",2003,2,18,15.2,22.6,5,28,2003-02-28
"Z3",2003,3,17.46,13.9,22.4,5,28,2003-03-28
"Z3",2003,4,17.66,14.5,22.2,5,28,2003-04-28
"Z3",2003,5,18.14,15,22.8,5,28,2003-05-28
"Z3",2003,6,17.42,14.4,21.8,5,28,2003-06-28
"Z3",2003,7,17.72,14.3,23.2,5,28,2003-07-28
"Z3",2003,8,17.88,14.4,23.1,5,28,2003-08-28
"Z3",2003,9,17.6,14.3,22.2,5,28,2003-09-28
"Z3",2003,10,17.22,14.5,21.2,5,28,2003-10-28
"Z3",2003,11,17.3,14.5,21.5,5,28,2003-11-28
"Z3",2003,12,17.34,14.5,21.5,5,28,2003-12-28
"Z3",2004,1,17.32,14.7,21.9,5,28,2004-01-28
"Z3",2004,2,17.96,15.1,22.9,5,28,2004-02-28
"Z3",2004,3,18.3,15.6,23,5,28,2004-03-28
"Z3",2004,4,17.5,14.5,22.1,5,28,2004-04-28
"Z3",2004,5,17.8,14.9,22.3,5,28,2004-05-28
"Z3",2004,6,17.92,14.3,23.4,5,28,2004-06-28
"Z3",2004,7,17.2,13.9,21.9,5,28,2004-07-28
"Z3",2004,8,17.9,14.1,23.5,5,28,2004-08-28
"Z3",2004,9,17.12,14.3,21.3,5,28,2004-09-28
"Z3",2004,10,17.24,14.4,21.4,5,28,2004-10-28
"Z3",2004,11,17.24,14.6,21.5,5,28,2004-11-28
"Z3",2004,12,17.24,14.7,21.6,5,28,2004-12-28
"Z3",2005,1,17.26,14.6,22,5,28,2005-01-28
"Z3",2005,2,17.72,15.3,22.8,5,28,2005-02-28
"Z3",2005,3,18.2,15.5,23.3,5,28,2005-03-28
"Z3",2005,4,18.24,15.1,23.1,5,28,2005-04-28
"Z3",2005,5,17.86,14.6,22.4,5,28,2005-05-28
"Z3",2005,6,17.8,14.4,22.5,5,28,2005-06-28
"Z3",2005,7,17.58,13.6,22.9,5,28,2005-07-28
"Z3",2005,8,17.36,13.3,22.6,5,28,2005-08-28
"Z3",2005,9,17.64,13.6,22.7,5,28,2005-09-28
"Z3",2005,10,16.98,14,21,5,28,2005-10-28
"Z3",2005,11,17.2,14.7,21.6,5,28,2005-11-28
"Z3",2005,12,16.9,14.4,21.3,5,28,2005-12-28
"Z3",2006,1,17.04,13.7,21.9,5,28,2006-01-28
"Z3",2006,2,17.52,14.8,22.5,5,28,2006-02-28
"Z3",2006,3,17.22,14,22.1,5,28,2006-03-28
"Z3",2006,4,17.28,14.3,21.8,5,28,2006-04-28
"Z3",2006,5,17.52,14.5,21.9,5,28,2006-05-28
"Z3",2006,6,17.3,14.1,22,5,28,2006-06-28
"Z3",2006,7,17.74,14,23.3,5,28,2006-07-28
"Z3",2006,8,17.74,14.2,23.1,5,28,2006-08-28
"Z3",2006,9,17.68,14.1,22.7,5,28,2006-09-28
"Z3",2006,10,17.34,13.9,22,5,28,2006-10-28
"Z3",2006,11,16.98,14.2,21,5,28,2006-11-28
"Z3",2006,12,17.22,14.2,21.6,5,28,2006-12-28
"Z3",2007,1,17.74,14.3,22.7,5,28,2007-01-28
"Z3",2007,2,17.52,13.6,23.1,5,28,2007-02-28
"Z3",2007,3,17.56,14.5,22.2,5,28,2007-03-28
"Z3",2007,4,17.62,14.9,21.5,5,28,2007-04-28
"Z3",2007,5,17.74,15.3,21.7,5,28,2007-05-28
"Z3",2007,6,17.56,14.4,23,5,28,2007-06-28
"Z3",2007,7,17.64,14.4,22.8,5,28,2007-07-28
"Z3",2007,8,17.22,13.9,22.1,5,28,2007-08-28
"Z3",2007,9,17.58,14.5,22.2,5,28,2007-09-28
"Z3",2007,10,16.9,14.4,20.8,5,28,2007-10-28
"Z3",2007,11,17.18,14.4,21.6,5,28,2007-11-28
"Z3",2007,12,16.52,14,21.1,5,28,2007-12-28
"Z3",2008,1,16.64,14,21.5,5,28,2008-01-28
"Z3",2008,2,16.8,14,21.7,5,28,2008-02-28
"Z3",2008,3,16.68,14,21.2,5,28,2008-03-28
"Z3",2008,4,17.18,14.3,21.8,5,28,2008-04-28
"Z3",2008,5,17.12,14.3,21.5,5,28,2008-05-28
"Z3",2008,6,17.44,14.8,21.9,5,28,2008-06-28
"Z3",2008,7,17.1,14.1,21.9,5,28,2008-07-28
"Z3",2008,8,17,14.3,21.4,5,28,2008-08-28
"Z3",2008,9,17.3,14.4,21.9,5,28,2008-09-28
"Z3",2008,10,16.96,14.1,21.4,5,28,2008-10-28
"Z3",2008,11,16.86,14.4,21,5,28,2008-11-28
"Z3",2008,12,16.86,14.2,21.5,5,28,2008-12-28
"Z3",2009,1,17,14.6,21.4,5,28,2009-01-28
"Z3",2009,2,17.12,14.6,21.5,5,28,2009-02-28
"Z3",2009,3,17.1,14.6,21.5,5,28,2009-03-28
"Z3",2009,4,17.68,15.1,22.3,5,28,2009-04-28
"Z3",2009,5,17.68,14.7,22.4,5,28,2009-05-28
"Z3",2009,6,17.6,14.7,22.2,5,28,2009-06-28
"Z3",2009,7,17.96,14.6,23.3,5,28,2009-07-28
"Z3",2009,8,18.18,15.1,23.5,5,28,2009-08-28
"Z3",2009,9,18.48,14.8,23.8,5,28,2009-09-28
"Z3",2009,10,17.64,14.9,22.1,5,28,2009-10-28
"Z3",2009,11,17.56,14.8,22.1,5,28,2009-11-28
"Z3",2009,12,17.76,14.8,22.6,5,28,2009-12-28
"Z3",2010,1,18.12,14.8,23.7,5,28,2010-01-28
"Z3",2010,2,18.92,15.9,24.1,5,28,2010-02-28
"Z3",2010,3,18.92,15.7,24.4,5,28,2010-03-28
"Z3",2010,4,18.3,15.6,23,5,28,2010-04-28
"Z3",2010,5,18.34,15.3,23,5,28,2010-05-28
"Z3",2010,6,17.64,14.8,22.1,5,28,2010-06-28
"Z3",2010,7,17.12,14.2,21.4,5,28,2010-07-28
"Z3",2010,8,17.36,14.5,22.1,5,28,2010-08-28
"Z3",2010,9,16.8,14.2,20.8,5,28,2010-09-28
"Z3",2010,10,17.02,14.2,21.6,5,28,2010-10-28
"Z3",2010,11,16.7,14,21,5,28,2010-11-28
"Z3",2010,12,16.46,13.9,20.8,5,28,2010-12-28
"Z3",2011,1,16.98,14.2,21.8,5,28,2011-01-28
"Z3",2011,2,16.84,14.1,21.5,5,28,2011-02-28
"Z3",2011,3,16.72,13.9,21.5,5,28,2011-03-28
"Z3",2011,4,16.94,14.3,21.2,5,28,2011-04-28
"Z3",2011,5,17.56,14.9,22,5,28,2011-05-28
"Z3",2011,6,17.8,15,22.6,5,28,2011-06-28
"Z3",2011,7,17.48,14.1,22.5,5,28,2011-07-28
"Z3",2011,8,17.68,14.5,22.6,5,28,2011-08-28
"Z3",2011,9,17.5,14.3,22.4,5,28,2011-09-28
"Z3",2011,10,16.54,13.8,21,5,28,2011-10-28
"Z3",2011,11,16.7,14.1,20.9,5,28,2011-11-28
"Z3",2011,12,17.06,14.4,21.5,5,28,2011-12-28
"Z3",2012,1,17,14.4,21.5,5,28,2012-01-28
"Z3",2012,2,17.26,14.1,22.6,5,28,2012-02-28
"Z3",2012,3,17.34,14.5,22.1,5,28,2012-03-28
"Z3",2012,4,16.98,14.3,21.4,5,28,2012-04-28
"Z3",2012,5,17.64,14.7,22.2,5,28,2012-05-28
"Z3",2012,6,17.82,14.5,23.1,5,28,2012-06-28
"Z3",2012,7,17.8,14.3,23.4,5,28,2012-07-28
"Z3",2012,8,17.6,14.5,22.6,5,28,2012-08-28
"Z3",2012,9,17.84,14.1,23.4,5,28,2012-09-28
"Z3",2012,10,17.22,14.3,21.8,5,28,2012-10-28
"Z3",2012,11,17.44,14.6,22,5,28,2012-11-28
"Z3",2012,12,17.2,14.1,22.2,5,28,2012-12-28
"Z3",2013,1,17.98,14.8,23.4,5,28,2013-01-28
"Z3",2013,2,17.56,14.6,22.6,5,28,2013-02-28
"Z3",2013,3,18.2,15.3,23.2,5,28,2013-03-28
"Z3",2013,4,18.28,14.9,23.3,5,28,2013-04-28
"Z3",2013,5,17.58,14.7,21.8,5,28,2013-05-28
"Z3",2013,6,18.32,14.8,23.4,5,28,2013-06-28
"Z3",2013,7,17.94,14.4,23.8,5,28,2013-07-28
"Z3",2013,8,17.8,14.5,22.6,5,28,2013-08-28
"Z3",2013,9,17.92,14.7,22.5,5,28,2013-09-28
"Z3",2013,10,17.6,14.4,22.1,5,28,2013-10-28
"Z3",2013,11,17.14,14.3,21.7,5,28,2013-11-28
"Z3",2013,12,17.3,14.5,21.7,5,28,2013-12-28
"Z3",2014,1,17.7,14.8,22.2,5,28,2014-01-28
"Z3",2014,2,18.06,14.9,22.6,5,28,2014-02-28
"Z3",2014,3,18.02,14.9,22.9,5,28,2014-03-28
"Z3",2014,4,18.56,15,23.4,5,28,2014-04-28
"Z3",2014,5,18.02,15,22.4,5,28,2014-05-28
"Z3",2014,6,18.4,14.9,23.5,5,28,2014-06-28
"Z3",2014,7,18.7,14.5,24.4,5,28,2014-07-28
"Z3",2014,8,18.14,14.4,23.7,5,28,2014-08-28
"Z3",2014,9,18.14,14.6,23.1,5,28,2014-09-28
"Z3",2014,10,17.4,14.6,21.7,5,28,2014-10-28
"Z3",2014,11,17.38,14.4,22,5,28,2014-11-28
"Z3",2014,12,17.62,14.8,22.5,5,28,2014-12-28
"Z3",2015,1,17.78,14.4,23,5,28,2015-01-28
"Z3",2015,2,17.8,14.8,22.8,5,28,2015-02-28
"Z3",2015,3,18.18,15.2,23.1,5,28,2015-03-28
"Z3",2015,4,18.22,15.1,22.7,5,28,2015-04-28
"Z3",2015,5,18.82,15.6,23.7,5,28,2015-05-28
"Z3",2015,6,18.68,14.8,24.2,5,28,2015-06-28
"Z3",2015,7,18.6,14.6,24.1,5,28,2015-07-28
"Z3",2015,8,18.72,14.9,24,5,28,2015-08-28
"Z3",2015,9,18.96,14.8,24.4,5,28,2015-09-28
"Z3",2015,10,18.32,15.3,23.1,5,28,2015-10-28
"Z3",2015,11,17.94,15.2,22.5,5,28,2015-11-28
"Z3",2015,12,18.72,14.7,24.2,5,28,2015-12-28
"Z3",2016,1,18.56,15.4,23.7,5,28,2016-01-28
"Z3",2016,2,19.24,16,24.8,5,28,2016-02-28
"Z3",2016,3,19.56,16.4,25.1,5,28,2016-03-28
"Z3",2016,4,18.6,15.8,23.4,5,28,2016-04-28
"Z3",2016,5,18.62,15.5,23.5,5,28,2016-05-28
"Z3",2016,6,18.3,14.9,24,5,28,2016-06-28
"Z3",2016,7,17.94,14.5,23.2,5,28,2016-07-28
"Z3",2016,8,18.42,15,23.6,5,28,2016-08-28
"Z3",2016,9,18.06,14.9,22.9,5,28,2016-09-28
"Z3",2016,10,17.74,14.8,22.3,5,28,2016-10-28
"Z3",2016,11,17.28,14.4,21.8,5,28,2016-11-28
"Z3",2016,12,17.3,14.5,21.5,5,28,2016-12-28
"Z3",2017,1,17.16,14.2,22.1,5,28,2017-01-28
"Z3",2017,2,17.94,14.7,23.6,5,28,2017-02-28
"Z3",2017,3,17.3,14.4,21.5,5,28,2017-03-28
"Z3",2017,4,18.14,15.1,22.7,5,28,2017-04-28
"Z3",2017,5,17.9,14.7,22.3,5,28,2017-05-28
"Z3",2017,6,17.92,14.9,22.8,5,28,2017-06-28
"Z3",2017,7,18.18,15.1,23.8,5,28,2017-07-28
"Z3",2017,8,18.38,15.4,23.8,5,28,2017-08-28
"Z3",2017,9,18.18,14.8,22.9,5,28,2017-09-28
"Z3",2017,10,17.7,15,22.1,5,28,2017-10-28
"Z3",2017,11,17.54,14.3,22,5,28,2017-11-28
"Z3",2017,12,17.075,14.2,22.3,5,28,2017-12-28
"Z3",2018,1,16.6,13.2,21.7,5,28,2018-01-28
"Z3",2018,2,17.32,14.5,22.3,5,28,2018-02-28
"Z3",2018,3,17.92,14.7,23.3,5,28,2018-03-28
"Z3",2018,4,17.46,14.7,22.2,5,28,2018-04-28
"Z3",2018,5,17.66,14.9,21.9,5,28,2018-05-28
"Z3",2018,6,17.78,14.7,23.2,5,28,2018-06-28
"Z3",2018,7,18.14,14.7,23.5,5,28,2018-07-28
"Z3",2018,8,17.98,14.8,23.3,5,28,2018-08-28
"Z3",2018,9,17.82,14.5,22.7,5,28,2018-09-28
"Z3",2018,10,17.38,14.1,22.2,5,28,2018-10-28
"Z3",2018,11,17.72,14.8,22.2,5,28,2018-11-28
"Z3",2018,12,17.46,14.4,21.9,5,28,2018-12-28
"Z3",2019,1,17.76,14.5,22.7,5,28,2019-01-28
"Z3",2019,2,18.36,15.4,23.6,5,28,2019-02-28
"Z3",2019,3,18.16,15.3,22.8,5,28,2019-03-28
"Z3",2019,4,18.08,15.3,22.8,5,28,2019-04-28
"Z3",2019,5,18,15.1,22.8,5,28,2019-05-28
"Z3",2019,6,18.46,14.8,23.8,5,28,2019-06-28
"Z3",2019,7,17.94,14.7,22.8,5,28,2019-07-28
"Z3",2019,8,18.32,14.5,24.6,5,28,2019-08-28
"Z3",2019,9,18.2,14.7,23.4,5,28,2019-09-28
"Z3",2019,10,17.3,14.5,21.7,5,28,2019-10-28
"Z3",2019,11,17.64,14.9,21.6,5,28,2019-11-28
"Z3",2019,12,17.92,15.1,22.4,5,28,2019-12-28
"Z3",2020,1,17.92,14.9,23,5,28,2020-01-28
"Z3",2020,2,17.56,15.5,20.2,5,28,2020-02-28
"Z3",2020,3,18.55,15.1,21.9,5,28,2020-03-28
"Z3",2020,4,17.56,15.5,20.2,5,28,2020-04-28
"Z3",2020,5,18.3,15.9,20.3,5,28,2020-05-28
"Z3",2020,6,17.3,15,19.6,5,28,2020-06-28
